Date,Open,High,Low,Close,Volume,Dividends,Stock Splits
2017-01-03,352.0,358.5,351.5,355.75,174702,0.0,0.0
2017-01-04,355.0,360.0,354.75,359.75,171286,0.0,0.0
2017-01-05,359.5,362.75,358.5,361.25,194539,0.0,0.0
2017-01-06,360.75,362.5,356.75,358.0,166335,0.0,0.0
2017-01-09,359.0,360.75,355.25,360.0,185761,0.0,0.0
2017-01-10,359.25,359.5,357.25,358.25,134078,0.0,0.0
2017-01-11,357.75,358.25,352.0,357.25,209456,0.0,0.0
2017-01-12,357.0,360.0,353.0,358.25,256246,0.0,0.0
2017-01-13,357.5,359.5,355.25,358.5,168019,0.0,0.0
2017-01-17,359.0,366.5,358.5,365.5,317614,0.0,0.0
2017-01-18,364.5,367.75,362.75,365.0,210570,0.0,0.0
2017-01-19,364.0,367.5,362.75,366.25,167428,0.0,0.0
2017-01-20,366.0,370.0,365.0,369.75,199859,0.0,0.0
2017-01-23,369.5,370.0,367.5,369.5,145747,0.0,0.0
2017-01-24,369.25,371.0,362.25,363.25,198152,0.0,0.0
2017-01-25,363.25,366.75,361.0,366.25,144569,0.0,0.0
2017-01-26,366.0,366.75,362.0,363.75,115941,0.0,0.0
2017-01-27,363.25,364.25,360.5,362.5,131330,0.0,0.0
2017-01-30,361.5,361.75,355.75,357.75,185498,0.0,0.0
2017-01-31,358.5,361.25,357.75,359.75,144840,0.0,0.0
2017-02-01,360.0,368.5,358.0,368.25,238049,0.0,0.0
2017-02-02,367.5,369.75,366.25,367.5,161840,0.0,0.0
2017-02-03,365.75,367.75,364.0,365.25,131487,0.0,0.0
2017-02-06,364.0,368.75,362.5,363.75,123030,0.0,0.0
2017-02-07,363.75,369.0,362.5,368.5,201065,0.0,0.0
2017-02-08,368.0,371.0,366.5,370.75,215522,0.0,0.0
2017-02-09,369.5,372.75,367.5,369.5,302879,0.0,0.0
2017-02-10,368.5,375.5,368.5,374.5,258226,0.0,0.0
2017-02-13,373.5,376.75,371.75,375.5,243363,0.0,0.0
2017-02-14,375.0,375.25,373.0,374.25,182589,0.0,0.0
2017-02-15,374.0,379.0,371.75,378.75,234393,0.0,0.0
2017-02-16,378.0,380.0,373.0,373.5,202506,0.0,0.0
2017-02-17,373.25,373.25,368.0,368.25,190289,0.0,0.0
2017-02-21,368.5,370.75,366.5,369.25,192463,0.0,0.0
2017-02-22,369.25,372.75,369.25,371.0,167704,0.0,0.0
2017-02-23,370.5,371.75,365.25,365.5,176305,0.0,0.0
2017-02-24,365.75,366.75,362.5,364.0,217648,0.0,0.0
2017-02-27,364.25,365.5,359.5,360.25,227526,0.0,0.0
2017-02-28,361.5,378.75,361.25,366.75,43455,0.0,0.0
2017-03-01,366.25,376.0,365.75,375.75,11271,0.0,0.0
2017-03-02,375.0,375.75,370.5,372.75,10943,0.0,0.0
2017-03-03,371.75,375.5,371.25,374.75,3999,0.0,0.0
2017-03-06,375.5,377.0,371.0,372.75,3707,0.0,0.0
2017-03-07,373.0,373.25,367.5,369.5,4531,0.0,0.0
2017-03-08,369.25,370.25,365.0,365.25,7048,0.0,0.0
2017-03-09,366.0,366.5,359.25,359.75,1999,0.0,0.0
2017-03-10,360.25,360.25,356.0,358.0,1739,0.0,0.0
2017-03-13,358.0,358.75,353.5,354.5,1649,0.0,0.0
2017-03-14,354.0,358.25,353.0,353.75,205479,0.0,0.0
2017-03-15,362.25,364.75,362.0,363.5,107404,0.0,0.0
2017-03-16,363.5,367.0,363.5,366.0,111741,0.0,0.0
2017-03-17,366.25,367.75,364.5,367.5,94241,0.0,0.0
2017-03-20,369.0,370.75,363.0,363.5,146668,0.0,0.0
2017-03-21,363.5,364.0,359.25,361.25,153614,0.0,0.0
2017-03-22,361.25,361.75,358.25,358.75,135915,0.0,0.0
2017-03-23,358.5,359.75,356.25,356.75,125353,0.0,0.0
2017-03-24,357.0,358.0,355.25,356.25,114283,0.0,0.0
2017-03-27,356.75,358.25,354.25,355.75,146440,0.0,0.0
2017-03-28,356.0,358.75,355.75,357.75,126483,0.0,0.0
2017-03-29,357.25,360.75,356.5,358.5,140216,0.0,0.0
2017-03-30,358.25,358.75,356.75,357.5,105348,0.0,0.0
2017-03-31,358.0,366.75,355.0,364.25,302099,0.0,0.0
2017-04-03,365.75,371.75,365.5,367.75,230407,0.0,0.0
2017-04-04,367.0,369.75,362.75,363.0,157420,0.0,0.0
2017-04-05,363.0,365.75,361.5,364.75,143411,0.0,0.0
2017-04-06,364.25,365.5,360.0,360.75,137979,0.0,0.0
2017-04-07,360.5,361.75,357.25,359.5,233393,0.0,0.0
2017-04-10,360.0,367.0,359.0,367.0,222752,0.0,0.0
2017-04-11,366.0,369.0,362.25,366.5,254157,0.0,0.0
2017-04-12,366.5,371.5,366.25,369.0,237717,0.0,0.0
2017-04-13,368.75,373.0,368.5,371.0,267053,0.0,0.0
2017-04-17,371.0,372.0,365.5,366.5,146560,0.0,0.0
2017-04-18,366.5,368.0,360.75,361.75,200181,0.0,0.0
2017-04-19,361.25,365.25,360.5,361.75,188302,0.0,0.0
2017-04-20,361.75,363.75,357.25,357.75,176900,0.0,0.0
2017-04-21,357.5,358.75,354.25,357.0,181734,0.0,0.0
2017-04-24,358.0,360.5,356.25,359.25,159113,0.0,0.0
2017-04-25,359.25,368.25,356.25,365.0,180778,0.0,0.0
2017-04-26,365.0,367.25,358.25,359.0,199686,0.0,0.0
2017-04-27,358.75,364.0,358.5,362.0,148983,0.0,0.0
2017-04-28,360.0,361.25,355.5,358.0,31568,0.0,0.0
2017-05-01,363.0,370.5,361.75,369.25,9794,0.0,0.0
2017-05-02,367.25,369.75,362.25,364.0,4949,0.0,0.0
2017-05-03,363.5,367.5,362.25,366.25,4165,0.0,0.0
2017-05-04,367.0,367.5,357.5,358.0,2961,0.0,0.0
2017-05-05,359.0,365.5,359.0,361.75,2388,0.0,0.0
2017-05-08,360.5,360.5,356.5,356.75,1964,0.0,0.0
2017-05-09,358.25,360.5,357.25,358.25,1631,0.0,0.0
2017-05-10,358.75,365.25,358.25,365.25,1015,0.0,0.0
2017-05-11,364.25,364.25,360.25,360.5,340,0.0,0.0
2017-05-12,361.0,362.0,360.0,361.75,92519,0.0,0.0
2017-05-15,370.5,371.75,367.25,367.75,116961,0.0,0.0
2017-05-16,367.25,368.75,365.25,367.75,115028,0.0,0.0
2017-05-17,367.0,372.25,366.25,371.5,140847,0.0,0.0
2017-05-18,371.5,371.5,364.25,366.0,194694,0.0,0.0
2017-05-19,366.0,373.0,366.0,372.5,201665,0.0,0.0
2017-05-22,372.75,377.5,371.75,375.0,170819,0.0,0.0
2017-05-23,374.75,375.75,369.0,369.5,178136,0.0,0.0
2017-05-24,370.0,371.5,368.75,371.25,108549,0.0,0.0
2017-05-25,371.0,373.0,368.75,369.25,110606,0.0,0.0
2017-05-26,369.25,374.75,368.75,374.25,130479,0.0,0.0
2017-05-30,373.5,373.75,366.25,367.0,208777,0.0,0.0
2017-05-31,370.25,376.5,369.0,372.0,263402,0.0,0.0
2017-06-01,371.5,373.75,367.5,370.5,177074,0.0,0.0
2017-06-02,370.5,374.75,369.5,372.75,131232,0.0,0.0
2017-06-05,373.75,375.5,372.0,373.0,196484,0.0,0.0
2017-06-06,372.0,379.75,371.25,377.25,255149,0.0,0.0
2017-06-07,378.25,387.0,378.25,384.75,523849,0.0,0.0
2017-06-08,385.0,391.75,384.25,385.75,398378,0.0,0.0
2017-06-09,384.25,389.5,380.75,387.75,268361,0.0,0.0
2017-06-12,386.0,387.25,376.25,377.25,371345,0.0,0.0
2017-06-13,379.25,383.75,377.5,381.0,247971,0.0,0.0
2017-06-14,381.0,385.0,376.75,377.0,199409,0.0,0.0
2017-06-15,376.75,382.0,370.0,379.5,266276,0.0,0.0
2017-06-16,378.75,384.5,377.0,384.0,206387,0.0,0.0
2017-06-19,378.25,381.5,375.25,375.25,237056,0.0,0.0
2017-06-20,376.25,377.5,369.25,370.0,203110,0.0,0.0
2017-06-21,369.5,373.5,368.25,368.75,164652,0.0,0.0
2017-06-22,368.75,369.25,362.5,362.75,178704,0.0,0.0
2017-06-23,362.75,364.75,356.5,357.75,250374,0.0,0.0
2017-06-26,358.5,361.75,357.25,359.0,212562,0.0,0.0
2017-06-27,361.25,364.25,359.25,359.25,208879,0.0,0.0
2017-06-28,359.5,360.5,356.75,356.75,219540,0.0,0.0
2017-06-29,356.75,362.25,356.25,359.75,169166,0.0,0.0
2017-06-30,360.0,372.5,359.5,370.5,24409,0.0,0.0
2017-07-03,373.25,385.25,373.0,378.0,10730,0.0,0.0
2017-07-05,379.5,383.25,374.75,381.75,7599,0.0,0.0
2017-07-06,380.0,381.25,375.0,380.25,4898,0.0,0.0
2017-07-07,379.0,386.75,378.25,382.25,2865,0.0,0.0
2017-07-10,387.75,392.25,387.75,391.75,1412,0.0,0.0
2017-07-11,393.25,394.5,387.0,392.25,1711,0.0,0.0
2017-07-12,390.5,391.25,376.0,376.25,898,0.0,0.0
2017-07-13,376.25,376.25,360.0,361.0,501,0.0,0.0
2017-07-14,369.0,369.0,365.25,365.25,147685,0.0,0.0
2017-07-17,375.75,378.75,370.5,375.0,113702,0.0,0.0
2017-07-18,380.75,388.75,375.25,377.0,154626,0.0,0.0
2017-07-19,376.5,389.0,374.25,382.5,139735,0.0,0.0
2017-07-20,382.5,393.25,380.5,391.0,139461,0.0,0.0
2017-07-21,390.5,391.0,378.5,379.75,147014,0.0,0.0
2017-07-24,375.5,377.5,371.0,377.25,124948,0.0,0.0
2017-07-25,382.0,383.75,368.5,368.75,123047,0.0,0.0
2017-07-26,368.5,373.25,366.0,372.75,102552,0.0,0.0
2017-07-27,374.0,377.25,373.0,374.25,77171,0.0,0.0
2017-07-28,373.75,377.0,373.0,374.25,71011,0.0,0.0
2017-07-31,371.0,372.25,367.5,370.75,81956,0.0,0.0
2017-08-01,369.25,371.5,362.0,362.5,108461,0.0,0.0
2017-08-02,364.5,367.25,363.75,365.0,93630,0.0,0.0
2017-08-03,365.0,367.25,361.25,363.5,156604,0.0,0.0
2017-08-04,363.5,368.0,363.25,366.5,101335,0.0,0.0
2017-08-07,368.75,372.5,368.25,372.25,150029,0.0,0.0
2017-08-08,372.5,374.25,368.25,369.75,185789,0.0,0.0
2017-08-09,369.0,372.5,368.75,372.25,182886,0.0,0.0
2017-08-10,371.75,375.5,356.5,357.25,316364,0.0,0.0
2017-08-11,358.75,361.5,357.25,360.75,130807,0.0,0.0
2017-08-14,358.75,363.0,356.0,362.75,95281,0.0,0.0
2017-08-15,361.0,361.0,354.0,355.25,112629,0.0,0.0
2017-08-16,355.0,356.75,349.25,352.5,159752,0.0,0.0
2017-08-17,352.5,353.75,349.5,350.5,84675,0.0,0.0
2017-08-18,350.0,352.5,349.75,352.0,132653,0.0,0.0
2017-08-21,350.5,350.75,346.5,349.0,97326,0.0,0.0
2017-08-22,349.0,351.0,346.0,346.0,119934,0.0,0.0
2017-08-23,346.25,348.75,341.5,342.0,87530,0.0,0.0
2017-08-24,341.5,342.75,340.25,342.0,107368,0.0,0.0
2017-08-25,342.0,342.75,338.0,338.75,124314,0.0,0.0
2017-08-28,338.75,340.25,335.5,336.0,113739,0.0,0.0
2017-08-29,335.5,336.0,332.0,333.5,130105,0.0,0.0
2017-08-30,333.0,334.0,329.0,329.5,159952,0.0,0.0
2017-08-31,329.25,342.75,328.5,342.25,14612,0.0,0.0
2017-09-01,341.5,345.5,338.0,340.0,7809,0.0,0.0
2017-09-05,343.25,345.75,341.25,344.25,4612,0.0,0.0
2017-09-06,343.75,347.25,342.0,347.0,2893,0.0,0.0
2017-09-07,346.75,346.75,341.75,341.75,1746,0.0,0.0
2017-09-08,342.25,345.5,342.25,344.25,775,0.0,0.0
2017-09-11,345.25,346.5,342.75,345.5,754,0.0,0.0
2017-09-12,346.0,346.0,336.0,340.0,447,0.0,0.0
2017-09-13,339.5,344.25,338.5,338.5,246,0.0,0.0
2017-09-14,343.25,343.25,341.75,341.75,108639,0.0,0.0
2017-09-15,353.5,355.5,352.5,354.75,117683,0.0,0.0
2017-09-18,353.25,355.5,350.5,351.5,113073,0.0,0.0
2017-09-19,351.0,353.25,346.5,348.25,159676,0.0,0.0
2017-09-20,348.0,351.5,347.25,350.0,112067,0.0,0.0
2017-09-21,349.5,351.25,348.5,350.25,93436,0.0,0.0
2017-09-22,349.75,356.25,349.5,353.5,138975,0.0,0.0
2017-09-25,352.75,355.0,351.25,353.75,109525,0.0,0.0
2017-09-26,352.75,355.5,351.5,352.25,176191,0.0,0.0
2017-09-27,352.0,354.5,348.5,354.0,186064,0.0,0.0
2017-09-28,353.25,353.75,350.5,352.5,134798,0.0,0.0
2017-09-29,352.25,358.0,350.0,355.25,241959,0.0,0.0
2017-10-02,354.75,356.25,351.0,351.5,187887,0.0,0.0
2017-10-03,351.5,351.5,348.75,349.5,191401,0.0,0.0
2017-10-04,349.25,349.5,346.0,348.25,168210,0.0,0.0
2017-10-05,348.25,351.25,347.5,349.5,112667,0.0,0.0
2017-10-06,349.25,351.0,348.5,350.0,140440,0.0,0.0
2017-10-09,350.5,351.75,348.0,349.5,111794,0.0,0.0
2017-10-10,349.0,351.25,348.25,349.25,113927,0.0,0.0
2017-10-11,348.75,349.0,345.5,346.0,164712,0.0,0.0
2017-10-12,346.0,354.0,342.5,349.0,332718,0.0,0.0
2017-10-13,348.5,353.5,348.25,352.75,155337,0.0,0.0
2017-10-16,352.75,353.25,349.75,350.5,142217,0.0,0.0
2017-10-17,350.25,351.75,348.5,350.0,137777,0.0,0.0
2017-10-18,350.25,350.5,347.75,348.5,132775,0.0,0.0
2017-10-19,348.75,351.5,348.5,349.0,128707,0.0,0.0
2017-10-20,349.0,350.0,344.25,344.5,192805,0.0,0.0
2017-10-23,344.25,351.75,343.0,351.25,256748,0.0,0.0
2017-10-24,351.0,353.0,349.5,352.75,214405,0.0,0.0
2017-10-25,352.5,355.25,350.5,351.0,200921,0.0,0.0
2017-10-26,350.75,352.0,349.5,350.5,148533,0.0,0.0
2017-10-27,350.25,350.25,347.5,348.75,171571,0.0,0.0
2017-10-30,348.5,349.75,347.25,348.75,122255,0.0,0.0
2017-10-31,348.0,348.75,345.5,345.75,174825,0.0,0.0
2017-11-01,345.75,349.25,345.25,348.25,213757,0.0,0.0
2017-11-02,347.75,352.0,347.5,350.5,162576,0.0,0.0
2017-11-03,350.25,351.0,347.5,348.25,200476,0.0,0.0
2017-11-06,348.5,350.25,347.75,348.0,204475,0.0,0.0
2017-11-07,347.75,348.25,346.25,347.75,297238,0.0,0.0
2017-11-08,347.5,349.0,345.75,348.25,219586,0.0,0.0
2017-11-09,347.5,349.75,340.75,341.5,475087,0.0,0.0
2017-11-10,341.75,344.0,341.0,343.5,349164,0.0,0.0
2017-11-13,343.5,344.0,341.5,342.25,289722,0.0,0.0
2017-11-14,342.0,342.25,337.25,337.5,220983,0.0,0.0
2017-11-15,337.25,339.0,337.0,338.25,217010,0.0,0.0
2017-11-16,338.25,339.0,336.25,336.5,186656,0.0,0.0
2017-11-17,336.5,343.5,336.5,343.0,352932,0.0,0.0
2017-11-20,342.5,345.25,341.5,345.0,289331,0.0,0.0
2017-11-21,344.0,345.75,342.75,345.0,257461,0.0,0.0
2017-11-22,344.25,347.0,344.0,345.25,138793,0.0,0.0
2017-11-24,344.25,345.75,339.75,342.25,163454,0.0,0.0
2017-11-27,342.5,342.5,338.5,338.75,281557,0.0,0.0
2017-11-28,339.0,339.5,335.75,336.25,183164,0.0,0.0
2017-11-29,335.75,340.0,335.5,339.0,234591,0.0,0.0
2017-11-30,339.25,343.0,337.5,341.75,26041,0.0,0.0
2017-12-01,341.75,345.25,341.0,344.75,10232,0.0,0.0
2017-12-04,344.75,346.0,338.75,339.5,9370,0.0,0.0
2017-12-05,339.75,343.0,338.5,339.75,7536,0.0,0.0
2017-12-06,339.0,341.5,337.75,339.25,5515,0.0,0.0
2017-12-07,339.0,340.0,337.5,338.75,2891,0.0,0.0
2017-12-08,338.5,341.25,338.5,340.0,1283,0.0,0.0
2017-12-11,340.0,340.0,336.0,336.5,1064,0.0,0.0
2017-12-12,336.5,340.75,335.25,335.75,850,0.0,0.0
2017-12-13,337.25,337.5,336.5,336.75,360,0.0,0.0
2017-12-14,337.0,338.0,336.25,336.25,105792,0.0,0.0
2017-12-15,348.75,350.75,346.5,347.5,133622,0.0,0.0
2017-12-18,347.25,348.75,346.5,347.0,97579,0.0,0.0
2017-12-19,346.75,348.75,346.5,347.5,82265,0.0,0.0
2017-12-20,347.5,349.75,347.25,349.25,110058,0.0,0.0
2017-12-21,349.0,351.75,348.5,351.25,110469,0.0,0.0
2017-12-22,350.75,352.5,350.5,352.0,54881,0.0,0.0
2017-12-26,352.0,353.25,351.0,352.75,65864,0.0,0.0
2017-12-27,352.0,354.25,351.75,353.75,93748,0.0,0.0
2017-12-28,353.0,353.5,350.0,352.0,102485,0.0,0.0
2017-12-29,351.25,351.5,350.25,350.75,100183,0.0,0.0
2018-01-02,351.25,354.0,350.5,353.25,150143,0.0,0.0
2018-01-03,353.0,354.75,352.25,353.0,138593,0.0,0.0
2018-01-04,353.0,353.5,350.25,351.0,179965,0.0,0.0
2018-01-05,350.75,352.25,350.25,351.25,143914,0.0,0.0
2018-01-08,350.75,351.5,346.75,347.25,274879,0.0,0.0
2018-01-09,347.5,350.0,347.25,349.0,150408,0.0,0.0
2018-01-10,348.75,350.0,348.0,349.0,145554,0.0,0.0
2018-01-11,349.0,350.5,348.0,348.75,159177,0.0,0.0
2018-01-12,348.75,350.0,345.5,346.25,216386,0.0,0.0
2018-01-16,347.25,349.25,346.0,348.25,179429,0.0,0.0
2018-01-17,348.5,353.25,348.25,353.0,236713,0.0,0.0
2018-01-18,352.5,354.0,350.5,351.5,186650,0.0,0.0
2018-01-19,351.5,354.0,351.25,352.5,145953,0.0,0.0
2018-01-22,353.5,354.5,351.25,352.0,177588,0.0,0.0
2018-01-23,351.75,352.0,349.5,351.25,204570,0.0,0.0
2018-01-24,351.25,357.0,349.75,356.5,326298,0.0,0.0
2018-01-25,356.0,358.0,354.5,355.25,223613,0.0,0.0
2018-01-26,355.0,357.0,354.5,356.5,140790,0.0,0.0
2018-01-29,356.75,359.25,356.75,358.75,179933,0.0,0.0
2018-01-30,359.5,362.25,359.0,361.5,223192,0.0,0.0
2018-01-31,361.5,362.0,359.5,361.5,180487,0.0,0.0
2018-02-01,360.75,362.0,358.5,361.75,254881,0.0,0.0
2018-02-02,361.0,362.5,359.5,361.5,198988,0.0,0.0
2018-02-05,359.5,360.75,357.25,358.75,260346,0.0,0.0
2018-02-06,358.75,364.0,356.25,363.5,236192,0.0,0.0
2018-02-07,363.75,365.75,362.5,365.25,478330,0.0,0.0
2018-02-08,365.0,367.75,364.5,365.75,341483,0.0,0.0
2018-02-09,364.75,365.5,361.5,362.0,254699,0.0,0.0
2018-02-12,365.0,367.0,364.25,367.0,264077,0.0,0.0
2018-02-13,366.5,368.5,366.0,366.75,257669,0.0,0.0
2018-02-14,366.5,368.5,364.75,367.25,173640,0.0,0.0
2018-02-15,367.0,368.75,365.5,367.75,193482,0.0,0.0
2018-02-16,368.0,368.5,366.5,367.5,185255,0.0,0.0
2018-02-20,369.0,370.0,365.25,365.5,319315,0.0,0.0
2018-02-21,365.75,368.5,364.25,365.75,266655,0.0,0.0
2018-02-22,365.5,367.0,364.25,366.75,229122,0.0,0.0
2018-02-23,366.25,367.75,365.25,366.25,229122,0.0,0.0
2018-02-26,366.5,370.0,366.5,368.5,318905,0.0,0.0
2018-02-27,368.25,371.0,367.75,370.5,240115,0.0,0.0
2018-02-28,370.5,376.75,369.75,374.5,20800,0.0,0.0
2018-03-01,374.0,379.0,372.0,378.75,8646,0.0,0.0
2018-03-02,377.75,380.25,376.0,377.25,5918,0.0,0.0
2018-03-05,376.25,378.5,374.75,378.25,8183,0.0,0.0
2018-03-06,377.75,380.25,377.25,379.75,2299,0.0,0.0
2018-03-07,378.75,380.75,378.5,379.25,4263,0.0,0.0
2018-03-08,378.5,385.75,378.0,385.75,2385,0.0,0.0
2018-03-09,385.0,385.25,382.5,383.0,2981,0.0,0.0
2018-03-12,382.75,384.25,380.5,384.25,1455,0.0,0.0
2018-03-13,383.75,388.75,383.5,385.5,2044,0.0,0.0
2018-03-14,386.5,386.5,383.5,383.5,184323,0.0,0.0
2018-03-15,388.25,390.75,385.5,386.75,182448,0.0,0.0
2018-03-16,386.25,387.5,382.5,382.75,150929,0.0,0.0
2018-03-19,382.0,382.0,374.75,375.0,245783,0.0,0.0
2018-03-20,375.25,377.0,373.25,374.5,204617,0.0,0.0
2018-03-21,375.0,375.75,373.75,375.0,149269,0.0,0.0
2018-03-22,375.5,377.5,374.0,376.0,161683,0.0,0.0
2018-03-23,376.25,378.25,369.25,377.25,279202,0.0,0.0
2018-03-26,378.5,380.75,373.5,374.0,183534,0.0,0.0
2018-03-27,374.0,376.0,372.25,374.0,134332,0.0,0.0
2018-03-28,374.25,375.0,372.0,373.5,173538,0.0,0.0
2018-03-29,373.75,389.25,373.75,387.75,377913,0.0,0.0
2018-04-02,389.25,392.5,387.0,387.25,207532,0.0,0.0
2018-04-03,387.0,392.0,386.75,388.5,211498,0.0,0.0
2018-04-04,388.0,389.0,372.0,381.0,367003,0.0,0.0
2018-04-05,382.0,389.5,380.75,389.5,263910,0.0,0.0
2018-04-06,382.0,390.0,382.0,388.5,309023,0.0,0.0
2018-04-09,389.75,392.5,388.75,390.75,215394,0.0,0.0
2018-04-10,390.0,392.25,388.5,389.25,272796,0.0,0.0
2018-04-11,389.25,390.5,385.75,387.0,158051,0.0,0.0
2018-04-12,386.5,389.25,385.0,388.75,201798,0.0,0.0
2018-04-13,388.5,389.25,385.0,386.25,233785,0.0,0.0
2018-04-16,385.0,386.25,382.0,382.5,175612,0.0,0.0
2018-04-17,383.0,384.5,379.75,380.25,239865,0.0,0.0
2018-04-18,380.75,383.5,380.0,383.0,142846,0.0,0.0
2018-04-19,382.75,383.5,380.75,382.0,113015,0.0,0.0
2018-04-20,381.25,381.75,376.25,376.5,156689,0.0,0.0
2018-04-23,376.5,379.25,376.25,378.5,151348,0.0,0.0
2018-04-24,378.5,381.5,377.0,381.25,115021,0.0,0.0
2018-04-25,381.0,387.25,380.5,386.5,148787,0.0,0.0
2018-04-26,386.0,387.0,384.0,386.0,132000,0.0,0.0
2018-04-27,385.25,390.5,385.25,389.5,165578,0.0,0.0
2018-04-30,390.75,395.75,390.5,392.5,19335,0.0,0.0
2018-05-01,393.0,397.0,391.5,396.75,7499,0.0,0.0
2018-05-02,396.25,397.25,395.0,396.0,3180,0.0,0.0
2018-05-03,396.0,399.5,395.0,399.5,1317,0.0,0.0
2018-05-04,399.5,400.0,397.5,398.75,2089,0.0,0.0
2018-05-07,397.25,397.25,393.25,393.25,1964,0.0,0.0
2018-05-08,392.75,396.0,391.25,395.5,2020,0.0,0.0
2018-05-09,396.25,397.0,394.0,394.75,911,0.0,0.0
2018-05-10,395.5,399.75,393.25,394.75,604,0.0,0.0
2018-05-11,394.0,394.75,389.75,389.75,497,0.0,0.0
2018-05-14,388.5,389.0,387.5,389.0,132488,0.0,0.0
2018-05-15,396.25,402.5,396.0,402.25,190991,0.0,0.0
2018-05-16,401.75,404.75,398.0,399.25,171919,0.0,0.0
2018-05-17,399.0,402.0,395.0,395.25,147539,0.0,0.0
2018-05-18,395.25,403.5,395.0,402.5,181910,0.0,0.0
2018-05-21,405.5,407.5,401.25,402.75,181093,0.0,0.0
2018-05-22,402.25,407.0,401.0,404.75,166303,0.0,0.0
2018-05-23,404.5,409.0,403.0,408.5,163375,0.0,0.0
2018-05-24,408.25,412.25,403.75,404.25,236840,0.0,0.0
2018-05-25,404.0,406.75,403.25,406.0,129412,0.0,0.0
2018-05-29,408.75,410.0,397.5,400.0,242706,0.0,0.0
2018-05-30,398.25,398.5,390.75,393.5,292996,0.0,0.0
2018-05-31,393.5,398.5,393.25,394.0,195810,0.0,0.0
2018-06-01,393.75,397.0,390.75,391.5,172116,0.0,0.0
2018-06-04,389.75,389.75,380.5,380.75,266554,0.0,0.0
2018-06-05,380.75,385.25,380.0,383.75,212436,0.0,0.0
2018-06-06,384.25,386.5,378.0,378.25,227304,0.0,0.0
2018-06-07,379.0,382.0,374.25,376.25,300589,0.0,0.0
2018-06-08,376.25,379.0,373.5,377.75,177413,0.0,0.0
2018-06-11,376.5,379.0,366.75,367.25,294907,0.0,0.0
2018-06-12,368.0,379.5,367.25,377.5,310105,0.0,0.0
2018-06-13,377.5,379.75,373.25,376.0,227652,0.0,0.0
2018-06-14,374.0,374.75,362.5,363.0,357600,0.0,0.0
2018-06-15,374.0,374.75,355.25,361.25,297484,0.0,0.0
2018-06-18,359.5,362.0,354.0,356.0,177747,0.0,0.0
2018-06-19,355.75,357.75,338.75,353.75,334335,0.0,0.0
2018-06-20,354.0,357.0,347.5,354.25,200174,0.0,0.0
2018-06-21,354.25,359.0,349.25,357.0,168570,0.0,0.0
2018-06-22,358.0,359.75,355.0,357.25,141682,0.0,0.0
2018-06-25,358.5,359.5,349.25,350.5,203156,0.0,0.0
2018-06-26,350.5,355.5,348.0,352.5,227152,0.0,0.0
2018-06-27,352.0,356.5,351.5,352.5,163319,0.0,0.0
2018-06-28,351.5,352.5,344.5,345.0,143973,0.0,0.0
2018-06-29,345.75,355.5,345.5,350.25,19392,0.0,0.0
2018-07-02,352.25,352.25,337.0,337.5,7669,0.0,0.0
2018-07-03,340.25,345.25,339.25,342.75,0,0.0,0.0
2018-07-05,345.5,348.75,342.25,343.5,3302,0.0,0.0
2018-07-06,342.0,352.25,342.0,351.75,3068,0.0,0.0
2018-07-09,346.0,348.5,343.25,345.75,3259,0.0,0.0
2018-07-10,344.25,344.75,336.25,339.75,2735,0.0,0.0
2018-07-11,336.0,337.0,331.25,331.25,1533,0.0,0.0
2018-07-12,332.25,340.75,329.75,336.5,533,0.0,0.0
2018-07-13,332.25,332.5,330.25,330.25,109316,0.0,0.0
2018-07-16,340.0,345.75,338.75,341.75,95293,0.0,0.0
2018-07-17,345.0,348.75,344.25,346.25,100115,0.0,0.0
2018-07-18,346.25,349.0,346.0,347.25,81867,0.0,0.0
2018-07-19,347.0,352.0,345.0,351.25,81407,0.0,0.0
2018-07-20,351.25,355.75,349.75,355.25,69609,0.0,0.0
2018-07-23,356.0,358.5,354.5,357.25,75399,0.0,0.0
2018-07-24,355.25,356.5,351.5,352.0,105606,0.0,0.0
2018-07-25,352.25,360.0,352.0,359.25,121593,0.0,0.0
2018-07-26,361.0,365.75,360.25,361.5,146376,0.0,0.0
2018-07-27,361.0,363.75,359.5,362.0,133494,0.0,0.0
2018-07-30,364.0,369.25,363.5,367.25,127462,0.0,0.0
2018-07-31,367.0,374.25,366.25,372.25,141808,0.0,0.0
2018-08-01,372.0,373.0,364.0,365.0,120054,0.0,0.0
2018-08-02,365.0,372.75,364.75,366.75,161081,0.0,0.0
2018-08-03,366.75,371.25,364.75,369.75,77985,0.0,0.0
2018-08-06,370.0,371.75,368.25,371.0,80946,0.0,0.0
2018-08-07,371.0,373.25,368.75,370.75,167092,0.0,0.0
2018-08-08,370.5,373.75,370.0,371.25,123366,0.0,0.0
2018-08-09,371.0,372.75,366.5,369.25,148239,0.0,0.0
2018-08-10,368.5,369.75,357.0,357.75,182404,0.0,0.0
2018-08-13,357.5,358.0,352.25,356.5,178694,0.0,0.0
2018-08-14,356.5,363.0,356.5,362.25,101207,0.0,0.0
2018-08-15,362.25,363.5,359.0,361.5,102535,0.0,0.0
2018-08-16,361.5,367.5,360.5,365.25,79361,0.0,0.0
2018-08-17,365.0,367.75,361.75,364.25,82450,0.0,0.0
2018-08-20,365.25,366.0,359.5,362.0,88310,0.0,0.0
2018-08-21,362.75,363.75,358.5,359.75,98587,0.0,0.0
2018-08-22,359.25,359.25,352.25,352.5,102514,0.0,0.0
2018-08-23,353.0,355.0,346.25,346.75,144613,0.0,0.0
2018-08-24,346.5,350.0,346.25,348.5,124751,0.0,0.0
2018-08-27,348.5,348.75,343.0,346.75,139285,0.0,0.0
2018-08-28,345.75,347.75,340.75,341.0,143197,0.0,0.0
2018-08-29,341.0,344.0,340.25,341.25,113195,0.0,0.0
2018-08-30,341.5,344.0,340.5,341.0,122613,0.0,0.0
2018-08-31,341.0,352.0,340.75,351.0,0,0.0,0.0
2018-09-04,351.5,355.25,347.25,354.5,4870,0.0,0.0
2018-09-05,356.0,356.0,351.0,351.75,3514,0.0,0.0
2018-09-06,353.5,354.5,350.75,353.5,2161,0.0,0.0
2018-09-07,352.75,355.75,351.0,354.25,692,0.0,0.0
2018-09-10,353.25,356.0,353.0,355.5,1263,0.0,0.0
2018-09-11,357.25,357.25,354.75,355.25,287,0.0,0.0
2018-09-12,354.25,354.5,340.5,341.5,407,0.0,0.0
2018-09-13,344.5,344.5,336.25,336.25,131,0.0,0.0
2018-09-14,338.5,338.75,337.0,337.0,138241,0.0,0.0
2018-09-17,351.0,351.75,347.75,348.0,145271,0.0,0.0
2018-09-18,348.0,348.75,342.5,343.25,199080,0.0,0.0
2018-09-19,343.0,346.75,343.0,345.75,151074,0.0,0.0
2018-09-20,345.25,356.25,344.75,352.5,266804,0.0,0.0
2018-09-21,352.5,357.75,352.25,357.25,156113,0.0,0.0
2018-09-24,357.25,362.0,355.75,360.5,148370,0.0,0.0
2018-09-25,360.25,364.25,357.5,363.75,187874,0.0,0.0
2018-09-26,363.5,364.75,361.25,363.0,137900,0.0,0.0
2018-09-27,363.0,365.75,361.25,364.75,113909,0.0,0.0
2018-09-28,364.5,366.75,354.5,356.25,237213,0.0,0.0
2018-10-01,356.75,366.5,356.5,365.75,214369,0.0,0.0
2018-10-02,365.0,369.0,363.25,367.5,206146,0.0,0.0
2018-10-03,367.75,369.0,364.5,364.75,139279,0.0,0.0
2018-10-04,364.75,368.5,364.75,367.5,130828,0.0,0.0
2018-10-05,367.5,369.5,363.0,368.25,204815,0.0,0.0
2018-10-08,368.5,369.5,364.25,366.5,122012,0.0,0.0
2018-10-09,366.5,368.0,363.75,364.5,119567,0.0,0.0
2018-10-10,364.5,365.25,362.0,362.75,121039,0.0,0.0
2018-10-11,362.0,373.0,360.25,369.25,233116,0.0,0.0
2018-10-12,369.0,374.0,368.5,373.75,185821,0.0,0.0
2018-10-15,373.0,378.5,371.75,378.25,227938,0.0,0.0
2018-10-16,377.25,377.5,373.5,375.25,185899,0.0,0.0
2018-10-17,375.0,376.25,373.25,374.25,106446,0.0,0.0
2018-10-18,373.0,373.25,369.5,370.75,137274,0.0,0.0
2018-10-19,370.5,371.0,366.0,367.0,165329,0.0,0.0
2018-10-22,365.5,370.5,365.5,369.5,140542,0.0,0.0
2018-10-23,369.25,372.5,368.0,370.25,136626,0.0,0.0
2018-10-24,369.5,369.75,367.75,368.25,114262,0.0,0.0
2018-10-25,367.75,368.25,360.5,361.0,262813,0.0,0.0
2018-10-26,361.75,369.75,361.75,367.75,220034,0.0,0.0
2018-10-29,368.0,371.5,365.5,366.75,142746,0.0,0.0
2018-10-30,366.75,368.0,364.25,364.75,137331,0.0,0.0
2018-10-31,364.75,365.25,362.5,363.25,163231,0.0,0.0
2018-11-01,363.25,371.0,363.0,366.75,304754,0.0,0.0
2018-11-02,366.25,373.0,365.25,371.25,242629,0.0,0.0
2018-11-05,371.0,374.25,369.5,374.0,191618,0.0,0.0
2018-11-06,373.75,374.5,372.0,373.25,206076,0.0,0.0
2018-11-07,372.25,373.25,371.0,372.25,233522,0.0,0.0
2018-11-08,372.0,379.0,366.0,373.5,432338,0.0,0.0
2018-11-09,372.75,374.0,368.25,369.75,212422,0.0,0.0
2018-11-12,369.0,372.5,368.0,371.25,176017,0.0,0.0
2018-11-13,369.5,370.75,365.5,366.5,178859,0.0,0.0
2018-11-14,366.0,368.0,365.75,367.0,121770,0.0,0.0
2018-11-15,366.75,371.75,366.5,367.5,182150,0.0,0.0
2018-11-16,367.25,368.75,363.25,364.75,180968,0.0,0.0
2018-11-19,364.75,366.25,361.25,362.25,179457,0.0,0.0
2018-11-20,362.75,363.5,361.25,361.25,146930,0.0,0.0
2018-11-21,361.25,363.25,360.0,361.75,184082,0.0,0.0
2018-11-23,361.0,361.75,358.75,359.0,174044,0.0,0.0
2018-11-26,359.5,360.5,355.25,356.0,331200,0.0,0.0
2018-11-27,356.0,358.5,355.5,356.5,248125,0.0,0.0
2018-11-28,356.25,361.5,356.0,360.5,221952,0.0,0.0
2018-11-29,360.5,363.0,359.0,360.25,186618,0.0,0.0
2018-11-30,360.75,366.75,360.5,366.5,17986,0.0,0.0
2018-12-03,372.75,374.0,369.5,371.25,7579,0.0,0.0
2018-12-04,370.0,374.25,369.5,374.25,2930,0.0,0.0
2018-12-06,374.0,374.5,369.25,372.0,2299,0.0,0.0
2018-12-07,371.75,374.75,371.5,374.0,2243,0.0,0.0
2018-12-10,374.25,376.0,372.75,374.25,1655,0.0,0.0
2018-12-11,373.75,376.5,372.75,375.0,1372,0.0,0.0
2018-12-12,375.5,378.0,375.5,376.25,632,0.0,0.0
2018-12-13,375.0,377.5,374.0,375.5,229,0.0,0.0
2018-12-14,378.0,379.0,376.75,376.75,131884,0.0,0.0
2018-12-19,385.0,385.25,381.5,381.75,107244,0.0,0.0
2018-12-20,381.75,382.75,375.0,375.25,205496,0.0,0.0
2018-12-21,375.5,379.5,374.75,378.5,138729,0.0,0.0
2018-12-24,378.25,379.0,375.25,377.75,54836,0.0,0.0
2018-12-26,378.25,379.25,372.5,373.25,97146,0.0,0.0
2018-12-27,373.25,376.5,373.25,374.5,96243,0.0,0.0
2018-12-28,374.5,377.5,374.5,375.5,89172,0.0,0.0
2018-12-31,375.5,377.0,372.75,375.0,91126,0.0,0.0
2019-01-02,375.25,377.75,374.0,375.75,104724,0.0,0.0
2019-01-03,375.5,380.5,374.75,379.75,101460,0.0,0.0
2019-01-04,380.0,383.5,379.75,383.0,178171,0.0,0.0
2019-01-07,382.25,384.0,381.75,382.25,110623,0.0,0.0
2019-01-08,382.5,384.5,379.0,380.0,172291,0.0,0.0
2019-01-09,380.5,383.5,380.5,382.0,192055,0.0,0.0
2019-01-10,381.5,382.75,376.0,376.25,181392,0.0,0.0
2019-01-11,377.0,379.25,376.75,378.25,131815,0.0,0.0
2019-01-14,378.5,381.0,377.0,378.5,144739,0.0,0.0
2019-01-15,379.5,381.0,371.0,371.25,251255,0.0,0.0
2019-01-16,372.75,375.0,372.5,374.0,164719,0.0,0.0
2019-01-17,374.0,381.5,373.75,380.0,207625,0.0,0.0
2019-01-18,379.75,383.0,377.75,381.75,191033,0.0,0.0
2019-01-22,380.75,382.25,376.75,379.0,211433,0.0,0.0
2019-01-23,379.5,381.75,378.0,378.75,127605,0.0,0.0
2019-01-24,378.75,379.75,375.75,377.0,124108,0.0,0.0
2019-01-25,377.0,380.5,376.0,380.25,134094,0.0,0.0
2019-01-28,379.5,381.0,378.0,379.75,102144,0.0,0.0
2019-01-29,379.75,380.75,376.0,377.25,187023,0.0,0.0
2019-01-30,377.75,381.5,377.5,381.25,198900,0.0,0.0
2019-01-31,381.0,381.5,375.75,376.5,205750,0.0,0.0
2019-02-01,376.5,380.75,376.5,378.25,151472,0.0,0.0
2019-02-04,377.75,379.75,376.5,379.25,145834,0.0,0.0
2019-02-05,379.5,381.25,377.0,380.75,171954,0.0,0.0
2019-02-06,380.5,380.75,379.0,380.0,145154,0.0,0.0
2019-02-07,379.75,380.25,376.25,376.5,259742,0.0,0.0
2019-02-08,376.5,381.75,374.0,374.25,340779,0.0,0.0
2019-02-11,374.5,375.0,371.75,372.75,309359,0.0,0.0
2019-02-12,373.5,378.75,373.0,378.25,291257,0.0,0.0
2019-02-13,377.5,379.0,376.25,378.75,243883,0.0,0.0
2019-02-14,378.75,379.0,374.0,374.75,225289,0.0,0.0
2019-02-15,374.75,376.5,373.0,374.75,209096,0.0,0.0
2019-02-19,374.25,376.25,369.0,369.75,230708,0.0,0.0
2019-02-20,371.5,373.5,368.5,370.75,310666,0.0,0.0
2019-02-21,371.0,378.5,370.5,375.5,257188,0.0,0.0
2019-02-22,374.75,377.75,374.5,375.25,316659,0.0,0.0
2019-02-25,377.75,378.5,370.0,370.5,344712,0.0,0.0
2019-02-26,370.75,371.25,365.5,366.25,242769,0.0,0.0
2019-02-27,366.0,368.25,362.5,363.75,189224,0.0,0.0
2019-02-28,363.75,364.75,361.25,362.0,23512,0.0,0.0
2019-03-01,361.75,364.0,357.5,364.0,12360,0.0,0.0
2019-03-04,365.25,368.0,364.5,365.0,5270,0.0,0.0
2019-03-05,366.0,367.25,364.75,366.0,4570,0.0,0.0
2019-03-06,366.0,366.0,361.0,362.5,2916,0.0,0.0
2019-03-07,362.25,362.25,355.75,356.0,2482,0.0,0.0
2019-03-08,357.75,358.25,354.0,354.75,2265,0.0,0.0
2019-03-11,357.5,357.5,352.5,352.5,1747,0.0,0.0
2019-03-12,353.25,357.75,352.75,356.5,798,0.0,0.0
2019-03-13,357.25,359.5,355.0,357.25,317,0.0,0.0
2019-03-14,360.25,363.25,360.0,361.5,183857,0.0,0.0
2019-03-15,369.25,373.75,369.0,373.25,197270,0.0,0.0
2019-03-18,374.0,375.5,370.25,371.5,169237,0.0,0.0
2019-03-19,372.0,373.75,367.75,371.25,159377,0.0,0.0
2019-03-20,371.5,372.5,368.75,371.5,101477,0.0,0.0
2019-03-21,371.0,377.5,370.5,376.25,220227,0.0,0.0
2019-03-22,375.75,380.75,375.5,378.25,222578,0.0,0.0
2019-03-25,378.75,380.75,376.75,379.75,155849,0.0,0.0
2019-03-26,379.25,380.5,375.5,377.25,165178,0.0,0.0
2019-03-27,376.75,377.0,372.0,373.75,127919,0.0,0.0
2019-03-28,373.75,374.75,372.0,374.0,105825,0.0,0.0
2019-03-29,373.75,375.0,356.0,356.5,441012,0.0,0.0
2019-04-01,356.5,363.0,356.5,361.75,239354,0.0,0.0
2019-04-02,362.25,363.5,359.25,361.5,117194,0.0,0.0
2019-04-03,361.25,364.75,360.5,362.75,135849,0.0,0.0
2019-04-04,362.75,366.25,362.75,365.25,159329,0.0,0.0
2019-04-05,364.5,364.75,360.5,362.5,273057,0.0,0.0
2019-04-08,362.25,363.5,359.5,360.0,269564,0.0,0.0
2019-04-09,359.75,362.25,355.25,360.0,275445,0.0,0.0
2019-04-10,360.25,362.75,360.0,361.75,253300,0.0,0.0
2019-04-11,361.25,363.0,358.5,360.0,264730,0.0,0.0
2019-04-12,360.25,361.5,358.5,361.0,95871,0.0,0.0
2019-04-15,361.25,364.25,361.0,362.75,208541,0.0,0.0
2019-04-16,362.5,362.5,357.25,359.0,192351,0.0,0.0
2019-04-17,358.25,360.0,356.75,358.25,148184,0.0,0.0
2019-04-18,358.0,359.25,357.0,358.5,102302,0.0,0.0
2019-04-22,359.0,359.0,354.25,354.75,144705,0.0,0.0
2019-04-23,354.75,355.0,350.25,351.25,194770,0.0,0.0
2019-04-24,351.0,352.5,345.5,346.75,241386,0.0,0.0
2019-04-25,346.0,351.0,342.25,347.5,236880,0.0,0.0
2019-04-26,347.25,353.5,347.0,351.25,166752,0.0,0.0
2019-04-29,353.25,356.0,351.25,352.0,250771,0.0,0.0
2019-04-30,352.25,354.0,349.25,353.25,14379,0.0,0.0
2019-05-01,353.5,360.5,353.5,360.0,8291,0.0,0.0
2019-05-02,361.0,362.25,358.5,362.0,4314,0.0,0.0
2019-05-03,362.25,363.25,360.25,363.0,1645,0.0,0.0
2019-05-06,352.5,356.0,349.0,355.75,1710,0.0,0.0
2019-05-07,357.0,359.25,355.0,358.0,1156,0.0,0.0
2019-05-08,356.5,356.5,353.25,355.25,860,0.0,0.0
2019-05-09,350.0,350.0,344.0,344.5,657,0.0,0.0
2019-05-10,346.5,346.5,338.25,342.5,308,0.0,0.0
2019-05-13,335.5,348.25,335.5,347.5,286,0.0,0.0
2019-05-14,354.25,360.75,353.5,360.5,429399,0.0,0.0
2019-05-15,369.0,380.0,368.0,369.5,336989,0.0,0.0
2019-05-16,368.75,380.75,368.75,379.0,248510,0.0,0.0
2019-05-17,380.0,384.75,380.0,383.25,319503,0.0,0.0
2019-05-20,386.0,391.5,385.75,389.0,358734,0.0,0.0
2019-05-21,393.25,399.0,391.25,394.25,451260,0.0,0.0
2019-05-22,393.25,396.5,386.25,394.5,291262,0.0,0.0
2019-05-23,394.0,399.0,387.0,389.75,340117,0.0,0.0
2019-05-24,390.5,404.75,389.75,404.25,299952,0.0,0.0
2019-05-28,408.0,421.0,407.5,420.25,417683,0.0,0.0
2019-05-29,429.25,438.0,412.25,418.75,484436,0.0,0.0
2019-05-30,416.5,436.75,413.25,436.25,324914,0.0,0.0
2019-05-31,435.0,437.5,423.25,427.0,302171,0.0,0.0
2019-06-03,426.25,430.75,418.25,424.25,288442,0.0,0.0
2019-06-04,435.0,436.0,421.25,425.25,306703,0.0,0.0
2019-06-05,424.25,424.75,412.25,414.75,231859,0.0,0.0
2019-06-06,414.5,421.5,407.0,420.5,279006,0.0,0.0
2019-06-07,421.0,423.5,415.0,415.75,227751,0.0,0.0
2019-06-10,413.0,416.5,409.0,415.75,279949,0.0,0.0
2019-06-11,415.0,430.25,408.25,427.75,360317,0.0,0.0
2019-06-12,427.75,434.5,424.0,430.0,331360,0.0,0.0
2019-06-13,429.75,442.75,429.5,442.0,402152,0.0,0.0
2019-06-14,442.0,457.25,441.75,453.0,312814,0.0,0.0
2019-06-17,458.25,464.25,450.5,454.75,279480,0.0,0.0
2019-06-18,455.5,458.0,442.75,449.75,221471,0.0,0.0
2019-06-19,449.75,451.75,438.25,441.0,193331,0.0,0.0
2019-06-20,441.5,450.75,436.5,450.0,198628,0.0,0.0
2019-06-21,452.0,454.0,441.75,442.25,251093,0.0,0.0
2019-06-24,442.25,447.75,440.25,446.75,172094,0.0,0.0
2019-06-25,451.0,453.0,446.5,447.5,158426,0.0,0.0
2019-06-26,447.0,447.25,440.75,443.25,158878,0.0,0.0
2019-06-27,443.0,445.5,438.5,440.0,141131,0.0,0.0
2019-06-28,439.0,455.0,411.0,420.25,34514,0.0,0.0
2019-07-01,424.25,424.75,410.25,412.0,13482,0.0,0.0
2019-07-02,412.5,415.5,408.25,413.5,6526,0.0,0.0
2019-07-03,417.0,433.75,417.0,433.0,3471,0.0,0.0
2019-07-05,433.0,435.5,427.0,434.0,2127,0.0,0.0
2019-07-08,440.75,442.75,432.0,438.5,2083,0.0,0.0
2019-07-09,437.25,437.75,429.25,431.75,445,0.0,0.0
2019-07-10,430.0,434.75,428.0,434.25,494,0.0,0.0
2019-07-11,433.25,448.0,433.25,447.75,597,0.0,0.0
2019-07-12,447.75,457.0,447.75,449.5,169365,0.0,0.0
2019-07-15,459.25,460.0,439.75,441.0,164465,0.0,0.0
2019-07-16,437.75,440.75,429.0,435.25,144486,0.0,0.0
2019-07-17,435.25,441.5,431.5,436.0,125868,0.0,0.0
2019-07-18,435.0,436.0,423.25,424.5,156004,0.0,0.0
2019-07-19,425.5,434.0,423.75,430.75,114521,0.0,0.0
2019-07-22,430.75,432.25,421.0,422.25,110947,0.0,0.0
2019-07-23,423.75,426.5,418.25,425.5,131110,0.0,0.0
2019-07-24,425.0,430.5,421.5,424.0,93160,0.0,0.0
2019-07-25,424.0,425.75,418.0,418.5,172277,0.0,0.0
2019-07-26,418.25,419.5,413.0,414.5,120749,0.0,0.0
2019-07-29,413.25,419.5,412.0,417.0,90112,0.0,0.0
2019-07-30,417.0,417.0,410.25,411.25,81026,0.0,0.0
2019-07-31,410.75,413.75,400.0,400.25,151787,0.0,0.0
2019-08-01,401.75,403.0,387.25,392.75,145330,0.0,0.0
2019-08-02,394.75,400.0,393.5,399.5,90361,0.0,0.0
2019-08-05,400.0,406.75,391.0,405.25,109686,0.0,0.0
2019-08-06,405.75,408.0,400.75,404.0,113069,0.0,0.0
2019-08-07,404.75,407.5,400.5,406.5,167530,0.0,0.0
2019-08-08,407.25,412.0,405.5,411.0,184792,0.0,0.0
2019-08-09,410.75,417.0,407.25,410.25,185366,0.0,0.0
2019-08-12,409.75,410.0,385.25,385.25,248125,0.0,0.0
2019-08-13,379.0,379.0,365.5,366.0,312969,0.0,0.0
2019-08-14,366.25,370.5,358.5,359.0,185092,0.0,0.0
2019-08-15,360.25,363.75,358.25,360.75,108781,0.0,0.0
2019-08-16,361.5,371.25,361.25,371.0,104806,0.0,0.0
2019-08-19,367.25,368.25,363.25,365.0,78542,0.0,0.0
2019-08-20,366.5,370.25,359.25,359.5,89474,0.0,0.0
2019-08-21,360.0,364.0,357.0,362.5,125855,0.0,0.0
2019-08-22,363.0,366.5,359.0,363.25,99247,0.0,0.0
2019-08-23,362.75,363.0,357.5,359.75,169868,0.0,0.0
2019-08-26,358.0,362.0,357.0,358.5,122537,0.0,0.0
2019-08-27,359.0,360.0,356.75,357.0,129886,0.0,0.0
2019-08-28,357.25,365.5,355.25,362.75,172927,0.0,0.0
2019-08-29,363.0,369.0,357.5,359.75,122794,0.0,0.0
2019-08-30,359.75,364.5,356.75,358.0,11240,0.0,0.0
2019-09-03,358.75,359.0,349.0,349.75,5335,0.0,0.0
2019-09-04,350.5,351.0,344.5,346.0,3851,0.0,0.0
2019-09-05,346.5,349.5,346.5,346.5,1813,0.0,0.0
2019-09-06,347.5,348.25,341.5,342.5,1357,0.0,0.0
2019-09-09,343.25,343.25,340.0,340.75,938,0.0,0.0
2019-09-10,344.0,349.5,344.0,348.5,314,0.0,0.0
2019-09-11,349.75,349.75,344.75,348.25,328,0.0,0.0
2019-09-12,349.75,354.5,349.5,354.5,152,0.0,0.0
2019-09-13,358.5,358.5,355.5,355.5,145836,0.0,0.0
2019-09-16,372.0,374.75,367.5,374.0,133444,0.0,0.0
2019-09-17,374.0,374.25,366.0,368.0,154625,0.0,0.0
2019-09-18,367.75,372.0,365.75,371.25,126832,0.0,0.0
2019-09-19,371.5,373.75,369.5,372.75,117069,0.0,0.0
2019-09-20,372.75,374.5,369.5,370.75,132998,0.0,0.0
2019-09-23,371.25,374.5,371.0,373.25,100443,0.0,0.0
2019-09-24,372.0,376.0,370.25,374.75,144294,0.0,0.0
2019-09-25,375.25,377.5,372.25,374.25,119189,0.0,0.0
2019-09-26,373.5,375.75,368.25,372.5,175419,0.0,0.0
2019-09-27,371.25,373.0,369.75,371.5,90796,0.0,0.0
2019-09-30,372.0,388.25,371.5,388.0,337247,0.0,0.0
2019-10-01,386.75,392.75,385.25,392.5,227065,0.0,0.0
2019-10-02,390.5,391.75,385.5,387.75,158921,0.0,0.0
2019-10-03,387.0,390.75,385.5,388.75,125489,0.0,0.0
2019-10-04,388.0,389.0,383.75,384.75,116336,0.0,0.0
2019-10-07,387.5,387.75,385.0,387.0,100421,0.0,0.0
2019-10-08,387.5,396.5,386.0,395.75,200460,0.0,0.0
2019-10-09,395.5,397.25,393.0,394.25,140853,0.0,0.0
2019-10-10,392.75,395.0,378.25,380.25,297046,0.0,0.0
2019-10-11,380.75,398.75,380.5,397.75,272436,0.0,0.0
2019-10-14,401.25,402.5,393.25,397.75,170713,0.0,0.0
2019-10-15,397.0,398.5,392.5,393.25,143675,0.0,0.0
2019-10-16,392.0,392.75,387.5,391.75,139675,0.0,0.0
2019-10-17,391.75,397.25,391.5,394.75,141532,0.0,0.0
2019-10-18,394.0,395.75,389.75,391.0,122010,0.0,0.0
2019-10-21,390.0,393.75,386.5,387.25,150187,0.0,0.0
2019-10-22,387.0,392.5,385.0,388.0,136694,0.0,0.0
2019-10-23,387.75,389.5,384.0,387.75,117561,0.0,0.0
2019-10-24,388.5,390.75,385.25,386.75,130664,0.0,0.0
2019-10-25,387.0,390.0,385.75,386.75,131677,0.0,0.0
2019-10-28,386.0,386.5,383.25,384.0,122790,0.0,0.0
2019-10-29,383.5,387.5,382.0,386.25,153732,0.0,0.0
2019-10-30,385.75,391.25,385.25,390.75,177034,0.0,0.0
2019-10-31,390.25,391.0,384.75,390.0,176193,0.0,0.0
2019-11-01,389.25,391.75,386.25,389.25,151943,0.0,0.0
2019-11-04,386.75,387.75,383.0,383.25,145373,0.0,0.0
2019-11-05,383.25,384.75,380.5,381.75,157127,0.0,0.0
2019-11-06,382.25,385.0,377.5,378.75,185339,0.0,0.0
2019-11-07,379.25,380.0,373.75,375.25,219147,0.0,0.0
2019-11-08,375.25,383.75,372.5,377.25,343769,0.0,0.0
2019-11-11,376.0,377.0,372.5,373.25,211215,0.0,0.0
2019-11-12,373.5,378.0,372.75,377.75,220513,0.0,0.0
2019-11-13,377.0,377.75,375.0,375.25,195982,0.0,0.0
2019-11-14,375.25,377.5,374.5,375.75,144893,0.0,0.0
2019-11-15,375.5,376.5,370.75,371.25,140175,0.0,0.0
2019-11-18,371.0,371.75,367.5,367.75,206268,0.0,0.0
2019-11-19,367.75,373.0,367.75,370.0,202015,0.0,0.0
2019-11-20,369.75,370.5,365.75,366.75,297024,0.0,0.0
2019-11-21,366.75,369.75,366.25,368.5,158701,0.0,0.0
2019-11-22,368.0,370.25,367.5,368.75,228112,0.0,0.0
2019-11-25,368.75,372.75,368.25,370.5,199301,0.0,0.0
2019-11-26,369.75,370.5,367.0,367.5,207678,0.0,0.0
2019-11-27,367.25,368.75,362.25,362.75,163967,0.0,0.0
2019-11-29,365.75,372.25,365.0,371.25,15512,0.0,0.0
2019-12-02,371.75,375.5,371.0,373.5,6280,0.0,0.0
2019-12-03,373.75,376.0,371.5,372.0,4939,0.0,0.0
2019-12-04,371.75,373.5,367.75,368.75,2985,0.0,0.0
2019-12-05,368.5,369.75,365.25,365.5,3029,0.0,0.0
2019-12-06,364.75,368.75,364.75,366.5,960,0.0,0.0
2019-12-09,366.5,368.0,365.0,365.75,639,0.0,0.0
2019-12-10,365.75,367.0,362.5,363.25,888,0.0,0.0
2019-12-11,363.0,363.0,357.0,357.75,259,0.0,0.0
2019-12-12,358.25,368.75,358.25,367.0,664,0.0,0.0
2019-12-13,373.75,374.5,366.25,366.25,230831,0.0,0.0
2019-12-16,383.5,389.5,383.25,388.0,180896,0.0,0.0
2019-12-17,387.5,390.5,386.25,390.0,118236,0.0,0.0
2019-12-18,389.25,390.0,385.75,387.0,125534,0.0,0.0
2019-12-19,387.0,389.0,385.0,386.5,99129,0.0,0.0
2019-12-20,386.5,389.5,386.0,387.75,85326,0.0,0.0
2019-12-23,388.0,390.25,387.25,388.75,82257,0.0,0.0
2019-12-24,388.5,389.0,387.0,387.5,50416,0.0,0.0
2019-12-26,388.0,389.0,386.5,388.5,49930,0.0,0.0
2019-12-27,388.0,391.0,388.0,390.0,85213,0.0,0.0
2019-12-30,389.25,392.0,386.75,388.25,123528,0.0,0.0
2019-12-31,388.25,389.75,386.25,387.75,85103,0.0,0.0
2020-01-02,387.75,392.0,387.25,391.5,103987,0.0,0.0
2020-01-03,391.5,392.0,385.5,386.5,125931,0.0,0.0
2020-01-06,386.25,387.75,382.75,384.75,112130,0.0,0.0
2020-01-07,385.0,385.75,383.5,384.5,93541,0.0,0.0
2020-01-08,384.0,385.5,382.25,384.25,135523,0.0,0.0
2020-01-09,383.75,387.0,382.25,383.25,130937,0.0,0.0
2020-01-10,383.25,386.75,376.5,385.75,226659,0.0,0.0
2020-01-13,386.5,389.5,385.5,389.5,139994,0.0,0.0
2020-01-14,389.25,390.5,388.25,389.0,115957,0.0,0.0
2020-01-15,388.75,390.25,386.5,387.5,141478,0.0,0.0
2020-01-16,387.25,387.75,375.25,375.5,230557,0.0,0.0
2020-01-17,377.0,389.5,376.75,389.25,293121,0.0,0.0
2020-01-21,389.0,389.25,384.25,387.5,182958,0.0,0.0
2020-01-22,387.5,391.0,386.75,388.75,155603,0.0,0.0
2020-01-23,388.5,394.0,387.5,393.75,256298,0.0,0.0
2020-01-24,393.25,393.25,386.5,387.25,196121,0.0,0.0
2020-01-27,384.25,384.75,377.25,380.5,264471,0.0,0.0
2020-01-28,382.5,387.0,378.5,386.5,243266,0.0,0.0
2020-01-29,385.5,388.25,382.75,384.25,136811,0.0,0.0
2020-01-30,384.5,385.0,378.5,379.5,160206,0.0,0.0
2020-01-31,381.5,382.75,378.75,381.25,151805,0.0,0.0
2020-02-03,380.5,382.0,376.5,378.75,216443,0.0,0.0
2020-02-04,378.25,383.5,378.25,382.25,176002,0.0,0.0
2020-02-05,381.5,383.25,379.5,380.75,122103,0.0,0.0
2020-02-06,380.25,381.75,376.0,379.25,191891,0.0,0.0
2020-02-07,380.25,385.0,380.0,383.5,256721,0.0,0.0
2020-02-10,383.25,383.5,379.0,381.75,219017,0.0,0.0
2020-02-11,381.0,382.0,378.0,379.75,200407,0.0,0.0
2020-02-12,379.75,383.75,378.25,383.0,241461,0.0,0.0
2020-02-13,382.25,382.75,379.0,379.5,202459,0.0,0.0
2020-02-14,379.5,381.5,376.25,377.75,216864,0.0,0.0
2020-02-18,378.5,383.25,378.0,383.0,215110,0.0,0.0
2020-02-19,382.25,382.75,378.5,380.5,172265,0.0,0.0
2020-02-20,380.75,381.25,378.0,378.5,173142,0.0,0.0
2020-02-21,378.25,380.5,376.25,377.0,169068,0.0,0.0
2020-02-24,376.25,376.25,370.0,372.25,170528,0.0,0.0
2020-02-25,373.0,374.75,371.25,372.5,119868,0.0,0.0
2020-02-26,372.0,374.0,368.25,370.5,268795,0.0,0.0
2020-02-27,369.75,370.0,361.75,364.5,156142,0.0,0.0
2020-02-28,364.5,367.25,362.75,366.5,18809,0.0,0.0
2020-03-02,366.5,375.75,366.0,374.75,6092,0.0,0.0
2020-03-03,375.75,383.75,375.75,381.75,3194,0.0,0.0
2020-03-04,382.0,388.5,380.0,387.0,3275,0.0,0.0
2020-03-05,387.5,387.5,382.0,384.5,1830,0.0,0.0
2020-03-06,383.75,385.5,377.0,377.25,1277,0.0,0.0
2020-03-09,372.0,377.5,368.5,374.25,921,0.0,0.0
2020-03-10,379.0,381.5,377.5,380.0,605,0.0,0.0
2020-03-11,380.25,380.5,377.0,379.25,942,0.0,0.0
2020-03-12,377.5,377.5,367.0,369.75,342,0.0,0.0
2020-03-13,370.0,375.5,370.0,370.75,191029,0.0,0.0
2020-03-16,362.5,367.75,354.0,354.75,188791,0.0,0.0
2020-03-17,355.25,356.75,342.75,344.0,219215,0.0,0.0
2020-03-18,344.0,345.25,332.0,335.25,255105,0.0,0.0
2020-03-19,336.5,354.75,336.5,345.5,223252,0.0,0.0
2020-03-20,346.5,356.75,342.25,343.75,189068,0.0,0.0
2020-03-23,340.25,345.5,338.25,343.5,114729,0.0,0.0
2020-03-24,343.5,350.5,338.0,347.25,126658,0.0,0.0
2020-03-25,347.5,352.75,345.75,348.5,118826,0.0,0.0
2020-03-26,348.25,349.25,343.75,348.75,113530,0.0,0.0
2020-03-27,348.5,350.0,342.5,346.0,114028,0.0,0.0
2020-03-30,343.0,346.75,340.0,341.25,108485,0.0,0.0
2020-03-31,341.75,344.75,333.5,340.75,208191,0.0,0.0
2020-04-01,341.25,342.75,333.5,334.75,151929,0.0,0.0
2020-04-02,335.0,343.25,333.0,333.5,151692,0.0,0.0
2020-04-03,334.5,338.5,328.0,330.75,158652,0.0,0.0
2020-04-06,329.75,331.75,325.5,327.75,111044,0.0,0.0
2020-04-07,328.0,335.5,328.0,331.5,157368,0.0,0.0
2020-04-08,332.0,334.0,328.25,330.0,151312,0.0,0.0
2020-04-09,330.75,333.5,328.0,331.75,169665,0.0,0.0
2020-04-13,332.25,334.0,326.5,331.5,147086,0.0,0.0
2020-04-14,331.25,332.0,325.75,326.0,191905,0.0,0.0
2020-04-15,326.0,326.75,317.5,319.25,161437,0.0,0.0
2020-04-16,318.75,323.0,317.75,319.75,136583,0.0,0.0
2020-04-17,319.75,325.5,319.5,322.25,99361,0.0,0.0
2020-04-20,322.5,323.25,313.5,314.25,150677,0.0,0.0
2020-04-21,314.25,316.25,301.0,309.25,197926,0.0,0.0
2020-04-22,310.0,320.25,308.25,317.5,146968,0.0,0.0
2020-04-23,317.0,323.5,315.0,319.25,136849,0.0,0.0
2020-04-24,319.25,320.75,312.0,315.75,113476,0.0,0.0
2020-04-27,315.0,315.75,304.25,305.5,108694,0.0,0.0
2020-04-28,305.0,308.5,301.25,302.75,138104,0.0,0.0
2020-04-29,302.75,308.75,300.25,304.5,121804,0.0,0.0
2020-04-30,305.25,313.0,303.5,311.5,11086,0.0,0.0
2020-05-01,311.0,311.5,308.0,311.5,3512,0.0,0.0
2020-05-04,309.5,310.75,305.5,310.75,2622,0.0,0.0
2020-05-05,310.5,314.75,310.5,313.0,867,0.0,0.0
2020-05-06,315.0,315.0,311.0,311.75,522,0.0,0.0
2020-05-07,313.5,318.0,313.25,316.0,1076,0.0,0.0
2020-05-08,317.75,321.75,317.5,319.0,1065,0.0,0.0
2020-05-11,320.0,322.25,318.0,318.5,333,0.0,0.0
2020-05-12,318.75,324.5,312.75,323.75,274,0.0,0.0
2020-05-13,323.5,323.5,320.0,320.25,91,0.0,0.0
2020-05-14,320.25,320.25,320.25,320.25,107147,0.0,0.0
2020-05-15,317.75,320.5,316.75,319.25,101614,0.0,0.0
2020-05-18,320.0,322.0,318.0,320.75,99372,0.0,0.0
2020-05-19,320.75,325.5,320.5,321.25,126375,0.0,0.0
2020-05-20,321.25,321.5,317.25,319.5,154473,0.0,0.0
2020-05-21,319.0,320.25,316.25,317.75,115119,0.0,0.0
2020-05-22,317.75,319.0,316.0,318.0,97188,0.0,0.0
2020-05-26,316.75,323.0,316.5,319.0,145175,0.0,0.0
2020-05-27,320.0,321.75,319.25,320.5,78423,0.0,0.0
2020-05-28,320.25,330.75,319.5,327.5,246973,0.0,0.0
2020-05-29,327.5,329.5,323.25,325.75,192310,0.0,0.0
2020-06-01,325.5,327.75,319.25,323.25,151319,0.0,0.0
2020-06-02,323.5,325.25,322.0,324.25,130469,0.0,0.0
2020-06-03,324.25,324.5,321.25,324.0,128010,0.0,0.0
2020-06-04,324.25,329.5,324.0,329.0,155612,0.0,0.0
2020-06-05,328.75,332.5,328.25,331.25,215912,0.0,0.0
2020-06-08,333.5,334.75,331.0,333.75,206335,0.0,0.0
2020-06-09,332.25,334.0,326.75,327.5,253631,0.0,0.0
2020-06-10,327.25,328.0,324.25,326.25,243286,0.0,0.0
2020-06-11,326.0,331.0,325.25,329.75,272975,0.0,0.0
2020-06-12,329.5,333.0,328.25,330.0,236621,0.0,0.0
2020-06-15,329.25,330.0,325.5,329.25,170741,0.0,0.0
2020-06-16,331.75,334.5,328.0,329.0,229095,0.0,0.0
2020-06-17,328.0,331.25,325.0,330.25,225643,0.0,0.0
2020-06-18,329.75,333.75,328.75,331.0,201444,0.0,0.0
2020-06-19,329.75,333.75,327.5,332.5,170567,0.0,0.0
2020-06-22,332.0,332.25,328.0,328.25,134480,0.0,0.0
2020-06-23,327.5,327.5,321.25,325.0,185863,0.0,0.0
2020-06-24,324.5,329.0,323.75,324.25,180307,0.0,0.0
2020-06-25,323.5,324.25,315.0,317.25,194687,0.0,0.0
2020-06-26,317.0,319.75,313.5,317.0,216581,0.0,0.0
2020-06-29,316.75,326.5,316.0,326.25,150216,0.0,0.0
2020-06-30,325.25,342.0,323.75,338.5,21411,0.0,0.0
2020-07-01,338.5,351.25,337.5,348.25,4582,0.0,0.0
2020-07-02,347.5,350.25,342.25,342.5,2491,0.0,0.0
2020-07-06,348.25,349.0,345.25,346.5,2094,0.0,0.0
2020-07-07,347.5,347.5,341.75,345.0,1273,0.0,0.0
2020-07-08,343.5,348.5,341.0,348.25,352,0.0,0.0
2020-07-09,349.0,356.5,348.25,351.25,495,0.0,0.0
2020-07-10,350.25,352.0,340.0,340.5,806,0.0,0.0
2020-07-13,337.25,337.25,332.0,334.0,437,0.0,0.0
2020-07-14,334.0,336.5,324.5,334.75,112416,0.0,0.0
2020-07-15,326.0,328.75,322.75,326.25,101702,0.0,0.0
2020-07-16,326.0,333.25,326.0,330.25,109531,0.0,0.0
2020-07-17,330.25,334.75,330.25,333.0,83693,0.0,0.0
2020-07-20,333.0,333.5,326.0,328.25,105214,0.0,0.0
2020-07-21,327.75,327.75,322.0,322.75,132248,0.0,0.0
2020-07-22,323.0,328.0,322.25,327.5,122910,0.0,0.0
2020-07-23,327.25,329.5,325.0,328.0,92652,0.0,0.0
2020-07-24,328.0,329.75,325.5,326.25,144237,0.0,0.0
2020-07-27,325.25,327.5,323.25,325.0,96017,0.0,0.0
2020-07-28,323.0,323.5,320.0,320.0,110739,0.0,0.0
2020-07-29,320.0,321.5,315.25,315.5,136660,0.0,0.0
2020-07-30,315.5,319.25,315.25,315.75,120454,0.0,0.0
2020-07-31,315.75,317.5,314.5,316.0,77056,0.0,0.0
2020-08-03,315.0,318.25,315.0,317.5,83190,0.0,0.0
2020-08-04,316.5,316.75,308.25,308.25,161834,0.0,0.0
2020-08-05,309.0,311.25,309.0,311.0,103355,0.0,0.0
2020-08-06,310.5,312.75,309.5,311.25,106028,0.0,0.0
2020-08-07,311.0,311.75,307.25,307.75,124482,0.0,0.0
2020-08-10,307.5,311.75,307.5,310.5,167514,0.0,0.0
2020-08-11,311.25,315.0,310.25,311.5,170713,0.0,0.0
2020-08-12,311.25,315.0,308.0,314.5,209796,0.0,0.0
2020-08-13,315.0,327.5,314.75,325.25,317363,0.0,0.0
2020-08-14,324.5,325.25,321.5,324.5,160379,0.0,0.0
2020-08-17,327.0,331.0,326.5,331.0,111934,0.0,0.0
2020-08-18,330.0,332.0,325.75,327.0,130091,0.0,0.0
2020-08-19,326.0,327.25,323.5,325.0,87620,0.0,0.0
2020-08-20,324.25,325.75,320.75,324.5,92738,0.0,0.0
2020-08-21,324.75,327.75,324.25,327.0,134880,0.0,0.0
2020-08-24,328.0,332.5,327.5,331.75,126824,0.0,0.0
2020-08-25,335.0,341.5,334.75,340.75,147003,0.0,0.0
2020-08-26,340.25,341.25,337.25,340.5,89216,0.0,0.0
2020-08-27,340.0,344.75,339.0,344.25,123788,0.0,0.0
2020-08-28,343.25,347.75,340.75,346.0,94064,0.0,0.0
2020-08-31,348.75,353.0,346.0,348.5,11030,0.0,0.0
2020-09-01,347.75,350.0,343.25,349.5,3700,0.0,0.0
2020-09-02,349.25,350.5,345.25,349.75,2609,0.0,0.0
2020-09-03,349.75,350.0,343.75,344.5,1449,0.0,0.0
2020-09-04,344.0,349.0,343.5,347.25,1680,0.0,0.0
2020-09-08,348.0,353.0,346.0,351.0,874,0.0,0.0
2020-09-09,349.75,351.25,348.5,350.0,112,0.0,0.0
2020-09-10,349.75,357.75,349.75,357.25,665,0.0,0.0
2020-09-11,355.5,366.0,355.5,365.0,675,0.0,0.0
2020-09-14,366.75,366.75,357.5,357.5,137658,0.0,0.0
2020-09-15,369.0,369.5,365.25,366.0,133018,0.0,0.0
2020-09-16,365.5,372.0,361.75,371.75,158937,0.0,0.0
2020-09-17,371.5,377.25,368.0,375.25,235205,0.0,0.0
2020-09-18,374.25,379.25,373.25,378.5,191291,0.0,0.0
2020-09-21,377.5,378.25,368.25,369.75,209548,0.0,0.0
2020-09-22,369.75,373.25,365.75,369.25,159145,0.0,0.0
2020-09-23,368.25,370.25,365.75,368.5,122193,0.0,0.0
2020-09-24,368.0,368.25,363.0,363.5,152367,0.0,0.0
2020-09-25,363.25,367.5,363.0,365.25,130065,0.0,0.0
2020-09-28,364.25,369.75,360.5,366.75,162085,0.0,0.0
2020-09-29,366.75,367.75,361.0,364.75,137617,0.0,0.0
2020-09-30,364.25,382.75,362.0,379.0,337543,0.0,0.0
2020-10-01,379.0,385.5,378.0,382.75,216356,0.0,0.0
2020-10-02,381.5,383.25,377.25,379.75,164090,0.0,0.0
2020-10-05,378.75,382.5,377.75,379.5,119040,0.0,0.0
2020-10-06,378.5,389.25,378.5,385.0,213443,0.0,0.0
2020-10-07,384.5,392.0,384.0,388.75,186782,0.0,0.0
2020-10-08,389.0,394.5,386.5,387.0,202957,0.0,0.0
2020-10-09,387.0,398.25,386.5,395.0,280954,0.0,0.0
2020-10-12,395.5,399.25,387.25,389.0,193542,0.0,0.0
2020-10-13,389.0,392.75,388.0,391.25,130273,0.0,0.0
2020-10-14,391.0,397.5,388.0,396.5,183507,0.0,0.0
2020-10-15,396.0,404.25,393.5,403.75,245381,0.0,0.0
2020-10-16,403.25,409.0,401.75,402.0,226808,0.0,0.0
2020-10-19,401.75,406.75,400.75,405.25,167466,0.0,0.0
2020-10-20,404.25,409.75,403.5,408.75,179887,0.0,0.0
2020-10-21,408.25,415.25,407.75,413.75,216167,0.0,0.0
2020-10-22,413.75,419.0,410.75,416.25,196234,0.0,0.0
2020-10-23,415.0,420.0,414.0,419.25,168924,0.0,0.0
2020-10-26,419.25,419.75,412.75,417.75,206162,0.0,0.0
2020-10-27,416.75,422.25,415.5,416.0,207081,0.0,0.0
2020-10-28,415.0,415.25,400.5,401.5,320256,0.0,0.0
2020-10-29,401.0,404.25,393.0,398.5,279411,0.0,0.0
2020-10-30,397.25,400.0,394.25,398.5,209475,0.0,0.0
2020-11-02,396.0,397.75,393.0,397.5,165146,0.0,0.0
2020-11-03,396.25,403.25,395.25,401.0,184363,0.0,0.0
2020-11-04,400.0,406.0,396.5,405.25,176330,0.0,0.0
2020-11-05,405.0,417.25,404.0,409.25,245189,0.0,0.0
2020-11-06,409.0,412.0,405.75,406.75,200681,0.0,0.0
2020-11-09,405.75,410.0,401.75,407.5,204111,0.0,0.0
2020-11-10,407.0,427.25,406.25,423.0,355814,0.0,0.0
2020-11-11,422.5,428.0,416.25,417.25,306427,0.0,0.0
2020-11-12,417.25,418.5,406.25,408.25,234330,0.0,0.0
2020-11-13,407.5,413.25,403.75,410.5,188493,0.0,0.0
2020-11-16,409.0,416.75,409.0,416.25,132116,0.0,0.0
2020-11-17,417.5,422.0,417.25,420.25,156573,0.0,0.0
2020-11-18,419.0,428.5,418.5,425.75,205431,0.0,0.0
2020-11-19,424.5,425.5,418.75,422.5,133305,0.0,0.0
2020-11-20,422.25,428.0,421.5,423.25,137243,0.0,0.0
2020-11-23,427.5,429.75,423.5,426.5,153801,0.0,0.0
2020-11-24,425.75,426.5,416.5,425.75,144304,0.0,0.0
2020-11-25,426.0,427.5,420.0,420.0,124261,0.0,0.0
2020-11-27,420.25,426.25,418.5,425.5,68262,0.0,0.0
2020-11-30,427.5,430.5,418.25,419.75,14701,0.0,0.0
2020-12-01,420.0,423.0,414.0,414.75,5316,0.0,0.0
2020-12-02,414.5,419.75,409.0,419.0,3551,0.0,0.0
2020-12-03,419.25,423.25,417.75,422.5,2379,0.0,0.0
2020-12-04,422.25,422.75,415.75,417.0,1675,0.0,0.0
2020-12-07,415.25,421.0,412.0,419.5,1156,0.0,0.0
2020-12-08,418.75,419.0,415.5,417.0,1757,0.0,0.0
2020-12-09,418.0,422.25,418.0,422.0,1079,0.0,0.0
2020-12-10,422.0,425.75,420.0,420.25,1262,0.0,0.0
2020-12-11,422.0,424.5,417.5,424.25,1724,0.0,0.0
2020-12-14,424.75,429.75,419.25,419.25,108692,0.0,0.0
2020-12-15,424.0,425.25,420.5,424.75,98612,0.0,0.0
2020-12-16,425.25,429.25,423.75,427.25,111651,0.0,0.0
2020-12-17,426.25,433.0,424.25,432.5,119655,0.0,0.0
2020-12-18,432.25,438.5,432.0,437.5,128812,0.0,0.0
2020-12-21,438.0,440.75,430.25,440.0,141947,0.0,0.0
2020-12-22,440.0,444.25,437.25,443.5,140992,0.0,0.0
2020-12-23,442.75,449.75,441.5,447.25,147651,0.0,0.0
2020-12-24,446.75,451.5,446.5,451.0,74879,0.0,0.0
2020-12-28,452.0,457.5,448.0,456.5,145219,0.0,0.0
2020-12-29,455.75,467.25,453.5,466.0,191298,0.0,0.0
2020-12-30,466.0,476.0,462.0,474.5,163367,0.0,0.0
2020-12-31,474.0,485.75,473.0,484.0,168459,0.0,0.0
2021-01-04,487.25,497.75,479.5,483.75,265157,0.0,0.0
2021-01-05,484.5,496.0,482.5,491.75,219646,0.0,0.0
2021-01-06,492.5,502.75,491.5,495.0,202374,0.0,0.0
2021-01-07,495.0,496.0,487.25,494.0,185782,0.0,0.0
2021-01-08,494.0,499.5,492.5,496.25,163270,0.0,0.0
2021-01-11,496.5,500.5,490.25,492.25,176563,0.0,0.0
2021-01-12,491.5,517.25,489.25,517.25,248448,0.0,0.0
2021-01-13,524.0,541.5,522.25,524.5,327689,0.0,0.0
2021-01-14,523.0,536.5,519.0,534.25,210370,0.0,0.0
2021-01-15,534.0,536.5,527.75,531.5,167504,0.0,0.0
2021-01-19,531.5,534.25,523.25,526.0,188564,0.0,0.0
2021-01-20,525.0,526.5,512.75,522.0,217777,0.0,0.0
2021-01-21,521.0,531.5,519.25,524.25,169566,0.0,0.0
2021-01-22,522.5,522.75,499.25,500.5,289548,0.0,0.0
2021-01-25,500.0,515.5,492.5,511.5,264763,0.0,0.0
2021-01-26,513.0,534.25,508.0,532.25,232259,0.0,0.0
2021-01-27,532.5,543.75,529.5,534.0,223887,0.0,0.0
2021-01-28,533.25,550.5,529.0,534.5,252543,0.0,0.0
2021-01-29,534.5,553.75,533.25,547.0,279607,0.0,0.0
2021-02-01,549.0,555.75,539.0,549.25,219066,0.0,0.0
2021-02-02,549.75,552.5,540.25,543.0,175739,0.0,0.0
2021-02-03,543.25,552.5,536.5,552.0,210137,0.0,0.0
2021-02-04,552.0,558.0,547.0,550.0,217079,0.0,0.0
2021-02-05,548.5,552.25,545.5,548.5,216445,0.0,0.0
2021-02-08,548.75,565.75,548.75,563.75,267647,0.0,0.0
2021-02-09,565.0,574.25,545.0,556.25,390741,0.0,0.0
2021-02-10,556.0,556.25,531.75,534.5,285720,0.0,0.0
2021-02-11,532.25,546.5,524.75,541.0,261046,0.0,0.0
2021-02-12,541.0,546.25,536.75,538.75,117970,0.0,0.0
2021-02-16,547.0,552.75,538.5,552.25,146173,0.0,0.0
2021-02-17,552.0,554.75,547.5,553.0,121352,0.0,0.0
2021-02-18,552.75,554.5,548.0,550.25,123409,0.0,0.0
2021-02-19,549.25,555.5,540.75,542.75,203468,0.0,0.0
2021-02-22,544.25,551.5,543.5,551.0,140629,0.0,0.0
2021-02-23,550.75,559.5,550.0,553.75,134967,0.0,0.0
2021-02-24,553.5,560.75,552.0,559.25,174397,0.0,0.0
2021-02-25,559.0,560.5,542.5,554.75,128538,0.0,0.0
2021-02-26,554.5,556.5,546.25,555.5,21395,0.0,0.0
2021-03-01,560.5,562.5,547.0,547.5,6534,0.0,0.0
2021-03-02,547.25,564.0,542.0,560.75,8112,0.0,0.0
2021-03-03,560.0,560.0,548.0,550.25,3809,0.0,0.0
2021-03-04,550.25,554.25,546.0,546.25,2129,0.0,0.0
2021-03-05,545.0,564.75,544.5,562.0,1441,0.0,0.0
2021-03-08,565.25,571.25,557.0,565.0,2320,0.0,0.0
2021-03-09,565.0,565.0,554.25,562.0,2224,0.0,0.0
2021-03-10,564.5,564.5,547.5,547.75,1986,0.0,0.0
2021-03-11,547.0,556.25,547.0,555.0,672,0.0,0.0
2021-03-12,545.0,551.5,544.5,549.25,123442,0.0,0.0
2021-03-15,537.0,550.75,532.75,549.5,140615,0.0,0.0
2021-03-16,549.5,555.5,546.75,554.25,132710,0.0,0.0
2021-03-17,554.0,558.5,552.0,558.0,129647,0.0,0.0
2021-03-18,556.75,558.0,545.25,546.5,157912,0.0,0.0
2021-03-19,546.25,559.0,545.5,557.75,158521,0.0,0.0
2021-03-22,558.0,558.75,546.75,549.0,129296,0.0,0.0
2021-03-23,551.25,556.0,547.75,551.25,122094,0.0,0.0
2021-03-24,551.0,553.75,548.25,553.25,92011,0.0,0.0
2021-03-25,552.25,552.5,541.5,546.5,142181,0.0,0.0
2021-03-26,546.5,554.0,544.0,552.5,124031,0.0,0.0
2021-03-29,551.75,552.0,542.25,546.75,119797,0.0,0.0
2021-03-30,546.25,547.5,533.75,539.25,136033,0.0,0.0
2021-03-31,538.25,564.25,536.25,564.25,145896,0.0,0.0
2021-04-01,575.0,585.0,556.5,559.75,249753,0.0,0.0
2021-04-05,561.25,564.5,549.75,553.25,143679,0.0,0.0
2021-04-06,553.75,561.5,552.25,554.25,134848,0.0,0.0
2021-04-07,555.75,562.25,553.75,560.5,158002,0.0,0.0
2021-04-08,560.75,583.0,559.25,579.75,258786,0.0,0.0
2021-04-09,579.0,595.0,575.5,577.25,249738,0.0,0.0
2021-04-12,577.75,586.0,567.25,569.0,198642,0.0,0.0
2021-04-13,569.0,584.5,565.5,580.0,225715,0.0,0.0
2021-04-14,579.75,597.75,578.75,594.0,242724,0.0,0.0
2021-04-15,594.25,601.5,587.75,590.0,176855,0.0,0.0
2021-04-16,590.5,594.75,583.25,585.5,165261,0.0,0.0
2021-04-19,588.75,596.75,588.25,592.0,105991,0.0,0.0
2021-04-20,593.0,611.75,592.75,606.5,180193,0.0,0.0
2021-04-21,609.5,628.5,604.5,625.5,163261,0.0,0.0
2021-04-22,624.25,650.5,623.5,650.5,147251,0.0,0.0
2021-04-23,653.0,658.5,638.25,655.5,157732,0.0,0.0
2021-04-26,661.0,680.5,661.0,680.5,157505,0.0,0.0
2021-04-27,688.5,720.5,680.5,695.5,166136,0.0,0.0
2021-04-28,697.75,720.5,676.25,686.25,107987,0.0,0.0
2021-04-29,683.75,704.5,681.0,702.0,30786,0.0,0.0
2021-04-30,702.5,746.25,699.25,740.0,9862,0.0,0.0
2021-05-03,740.0,758.25,724.0,732.25,3094,0.0,0.0
2021-05-04,732.0,758.25,730.0,744.75,1827,0.0,0.0
2021-05-05,750.0,756.0,740.75,753.25,1778,0.0,0.0
2021-05-06,761.0,768.0,746.25,759.5,2419,0.0,0.0
2021-05-07,763.25,775.0,755.0,772.75,680,0.0,0.0
2021-05-10,766.75,770.5,744.75,748.0,814,0.0,0.0
2021-05-11,747.25,771.5,747.25,759.5,404,0.0,0.0
2021-05-12,764.25,769.25,750.0,757.5,328,0.0,0.0
2021-05-13,757.5,769.0,717.5,719.0,307,0.0,0.0
2021-05-14,717.25,718.75,685.0,685.0,313038,0.0,0.0
2021-05-17,642.25,656.75,633.0,652.5,185347,0.0,0.0
2021-05-18,653.5,669.5,652.5,658.25,161908,0.0,0.0
2021-05-19,660.5,663.0,637.0,658.25,136686,0.0,0.0
2021-05-20,662.25,671.25,656.5,664.5,119730,0.0,0.0
2021-05-21,664.75,666.75,653.5,659.5,109618,0.0,0.0
2021-05-24,652.25,658.5,645.5,657.25,106865,0.0,0.0
2021-05-25,660.0,661.75,617.25,620.25,211650,0.0,0.0
2021-05-26,621.0,629.0,602.75,624.5,182610,0.0,0.0
2021-05-27,626.0,664.5,621.25,664.5,160605,0.0,0.0
2021-05-28,666.25,672.75,651.25,656.75,150329,0.0,0.0
2021-06-01,666.0,696.75,660.75,688.75,163972,0.0,0.0
2021-06-02,683.25,694.25,666.0,675.0,163861,0.0,0.0
2021-06-03,675.5,685.0,652.75,662.0,166363,0.0,0.0
2021-06-04,663.5,685.75,660.75,682.75,142300,0.0,0.0
2021-06-07,695.0,706.25,674.5,679.25,254039,0.0,0.0
2021-06-08,682.0,698.0,677.5,680.0,224000,0.0,0.0
2021-06-09,682.5,695.5,669.5,690.75,214261,0.0,0.0
2021-06-10,691.0,717.5,687.75,699.0,256320,0.0,0.0
2021-06-11,699.5,703.0,673.0,684.5,233946,0.0,0.0
2021-06-14,675.75,676.25,653.0,659.25,159570,0.0,0.0
2021-06-15,662.75,668.5,646.75,667.5,176454,0.0,0.0
2021-06-16,670.0,687.75,663.75,673.0,169908,0.0,0.0
2021-06-17,672.75,674.25,633.0,633.0,192026,0.0,0.0
2021-06-18,631.0,663.5,629.5,655.25,184523,0.0,0.0
2021-06-21,640.25,665.0,636.0,659.25,127442,0.0,0.0
2021-06-22,662.75,668.0,653.75,659.75,145930,0.0,0.0
2021-06-23,660.5,666.25,659.25,664.25,127090,0.0,0.0
2021-06-24,664.0,664.0,650.75,653.25,143749,0.0,0.0
2021-06-25,653.25,659.5,634.0,636.5,123016,0.0,0.0
2021-06-28,637.75,676.5,636.75,675.5,83833,0.0,0.0
2021-06-29,678.25,700.0,668.0,694.5,58727,0.0,0.0
2021-06-30,694.0,743.25,675.5,720.0,18226,0.0,0.0
2021-07-01,719.75,744.5,712.25,719.75,4706,0.0,0.0
2021-07-02,720.0,727.0,683.0,697.25,4751,0.0,0.0
2021-07-06,685.25,685.25,645.5,656.0,1707,0.0,0.0
2021-07-07,656.0,666.0,645.0,652.5,590,0.0,0.0
2021-07-08,657.5,659.5,636.0,638.0,497,0.0,0.0
2021-07-09,640.75,643.5,620.0,629.75,530,0.0,0.0
2021-07-12,629.75,669.25,619.5,669.25,431,0.0,0.0
2021-07-13,669.5,750.5,664.0,677.0,329,0.0,0.0
2021-07-14,682.0,687.0,682.0,683.0,88996,0.0,0.0
2021-07-15,568.5,571.5,561.0,564.25,69356,0.0,0.0
2021-07-16,564.0,570.5,553.25,556.0,83019,0.0,0.0
2021-07-19,570.0,571.5,548.75,556.0,67343,0.0,0.0
2021-07-20,558.0,576.25,557.25,571.75,77004,0.0,0.0
2021-07-21,572.0,579.0,567.75,571.75,78998,0.0,0.0
2021-07-22,571.5,571.75,555.0,564.5,81023,0.0,0.0
2021-07-23,564.75,569.25,544.5,547.25,81447,0.0,0.0
2021-07-26,549.25,551.25,536.75,549.75,72948,0.0,0.0
2021-07-27,554.0,564.0,544.25,548.75,67236,0.0,0.0
2021-07-28,554.0,554.25,545.0,549.25,62378,0.0,0.0
2021-07-29,549.25,559.0,546.5,558.0,71556,0.0,0.0
2021-07-30,557.0,557.75,546.5,547.0,65198,0.0,0.0
2021-08-02,547.25,559.25,540.25,558.75,83836,0.0,0.0
2021-08-03,555.75,563.5,546.75,550.5,95208,0.0,0.0
2021-08-04,550.5,555.25,540.25,545.75,70049,0.0,0.0
2021-08-05,546.75,560.75,545.75,555.75,92967,0.0,0.0
2021-08-06,555.0,560.5,548.75,555.0,142762,0.0,0.0
2021-08-09,554.0,556.0,547.0,550.25,144339,0.0,0.0
2021-08-10,548.5,550.25,544.0,549.25,143634,0.0,0.0
2021-08-11,548.75,558.5,548.25,556.25,184260,0.0,0.0
2021-08-12,554.75,589.5,548.5,567.0,247372,0.0,0.0
2021-08-13,566.75,575.0,559.0,568.25,97466,0.0,0.0
2021-08-16,568.25,572.0,561.0,564.75,60693,0.0,0.0
2021-08-17,567.5,569.5,556.25,558.25,67739,0.0,0.0
2021-08-18,559.0,563.5,556.5,561.75,64048,0.0,0.0
2021-08-19,560.5,560.5,546.75,550.0,90493,0.0,0.0
2021-08-20,550.25,554.25,533.25,538.75,83003,0.0,0.0
2021-08-23,536.0,544.25,531.5,538.0,50271,0.0,0.0
2021-08-24,539.5,546.5,537.0,544.5,82653,0.0,0.0
2021-08-25,544.5,555.0,541.25,551.25,80083,0.0,0.0
2021-08-26,550.0,555.75,548.0,552.75,73859,0.0,0.0
2021-08-27,553.0,558.75,548.75,558.0,107357,0.0,0.0
2021-08-30,557.25,560.0,531.5,540.25,73569,0.0,0.0
2021-08-31,540.0,542.0,524.0,534.0,8135,0.0,0.0
2021-09-01,534.0,535.0,514.25,515.5,5192,0.0,0.0
2021-09-02,515.5,521.0,510.0,516.25,1319,0.0,0.0
2021-09-03,516.75,518.25,506.75,508.0,967,0.0,0.0
2021-09-07,509.0,509.0,495.75,495.75,734,0.0,0.0
2021-09-08,497.5,504.0,495.0,498.25,451,0.0,0.0
2021-09-09,498.5,500.0,494.5,496.0,164,0.0,0.0
2021-09-10,499.0,505.0,487.75,502.75,370,0.0,0.0
2021-09-13,503.5,503.5,493.0,496.75,313,0.0,0.0
2021-09-14,497.0,503.0,497.0,503.0,114271,0.0,0.0
2021-09-15,520.75,534.5,520.5,533.5,152827,0.0,0.0
2021-09-16,533.5,537.5,528.0,529.5,118905,0.0,0.0
2021-09-17,529.0,530.5,521.75,527.25,109533,0.0,0.0
2021-09-20,527.0,527.0,515.25,521.75,125356,0.0,0.0
2021-09-21,522.0,522.75,512.75,517.0,119145,0.0,0.0
2021-09-22,517.0,526.25,516.0,525.5,112326,0.0,0.0
2021-09-23,524.5,531.0,520.25,529.25,95990,0.0,0.0
2021-09-24,528.5,528.75,524.0,526.75,93098,0.0,0.0
2021-09-27,524.75,540.0,524.0,539.5,144946,0.0,0.0
2021-09-28,538.75,541.75,532.0,532.5,125830,0.0,0.0
2021-09-29,533.5,541.0,533.5,539.0,107220,0.0,0.0
2021-09-30,539.0,548.5,527.25,536.75,222135,0.0,0.0
2021-10-01,536.75,545.25,532.0,541.5,135599,0.0,0.0
2021-10-04,540.0,547.5,536.0,540.75,132923,0.0,0.0
2021-10-05,540.0,543.0,535.25,537.5,119598,0.0,0.0
2021-10-06,537.0,544.75,531.5,532.25,126943,0.0,0.0
2021-10-07,532.75,535.25,527.5,534.0,104997,0.0,0.0
2021-10-08,533.25,538.75,530.0,530.5,95481,0.0,0.0
2021-10-11,530.0,534.0,528.75,533.0,104166,0.0,0.0
2021-10-12,532.75,533.0,519.25,522.5,196596,0.0,0.0
2021-10-13,523.0,525.25,506.75,512.25,203330,0.0,0.0
2021-10-14,512.25,518.25,511.0,516.75,140335,0.0,0.0
2021-10-15,516.25,528.5,514.25,525.75,130243,0.0,0.0
2021-10-18,525.75,533.75,523.0,532.75,119583,0.0,0.0
2021-10-19,532.0,537.0,529.5,530.25,119081,0.0,0.0
2021-10-20,530.0,540.0,528.5,539.25,129884,0.0,0.0
2021-10-21,539.0,540.0,530.75,532.25,119388,0.0,0.0
2021-10-22,533.0,540.0,532.0,538.0,109345,0.0,0.0
2021-10-25,537.0,542.0,535.0,538.0,107050,0.0,0.0
2021-10-26,538.0,547.25,533.0,543.5,146995,0.0,0.0
2021-10-27,542.5,563.25,539.5,557.25,241141,0.0,0.0
2021-10-28,556.5,568.75,554.0,562.75,164258,0.0,0.0
2021-10-29,562.5,569.25,558.75,568.25,135195,0.0,0.0
2021-11-01,568.0,582.0,565.25,579.0,197409,0.0,0.0
2021-11-02,578.25,586.0,572.0,573.0,174067,0.0,0.0
2021-11-03,572.0,573.25,563.0,564.0,149892,0.0,0.0
2021-11-04,563.75,569.75,556.5,559.25,149483,0.0,0.0
2021-11-05,560.0,562.75,552.25,553.0,192123,0.0,0.0
2021-11-08,552.0,554.75,549.5,551.5,166976,0.0,0.0
2021-11-09,551.0,564.0,547.75,554.75,246899,0.0,0.0
2021-11-10,555.5,571.75,555.0,569.25,209267,0.0,0.0
2021-11-11,567.75,579.0,566.0,569.5,264523,0.0,0.0
2021-11-12,569.25,582.0,566.75,577.25,163539,0.0,0.0
2021-11-15,576.25,578.75,569.75,576.5,128056,0.0,0.0
2021-11-16,576.0,577.5,570.0,571.0,137344,0.0,0.0
2021-11-17,570.75,584.0,570.0,575.25,185381,0.0,0.0
2021-11-18,575.0,583.0,572.0,573.0,171416,0.0,0.0
2021-11-19,573.0,576.0,568.0,570.75,130524,0.0,0.0
2021-11-22,570.5,579.0,569.75,576.75,172298,0.0,0.0
2021-11-23,576.25,581.0,572.5,580.5,179297,0.0,0.0
2021-11-24,580.25,589.0,575.5,579.75,265928,0.0,0.0
2021-11-26,571.5,588.0,566.75,586.75,180220,0.0,0.0
2021-11-29,586.0,588.25,576.5,581.0,158234,0.0,0.0
2021-11-30,581.0,582.0,562.0,567.0,24986,0.0,0.0
2021-12-01,568.0,576.0,567.0,572.0,6270,0.0,0.0
2021-12-02,571.25,583.0,570.0,577.0,6237,0.0,0.0
2021-12-03,576.25,588.75,576.25,586.0,3442,0.0,0.0
2021-12-06,586.0,586.0,578.0,583.5,2208,0.0,0.0
2021-12-07,584.0,589.5,579.5,586.25,1887,0.0,0.0
2021-12-08,585.0,589.0,584.0,584.75,2372,0.0,0.0
2021-12-09,585.75,591.25,576.75,588.5,2082,0.0,0.0
2021-12-10,588.5,592.0,585.0,588.5,862,0.0,0.0
2021-12-13,587.5,588.0,580.75,584.25,927,0.0,0.0
2021-12-14,583.25,591.0,576.75,588.75,117292,0.0,0.0
2021-12-15,590.0,596.5,582.0,585.75,138521,0.0,0.0
2021-12-16,587.5,592.0,584.5,591.25,101262,0.0,0.0
2021-12-17,591.0,598.75,589.25,593.25,129569,0.0,0.0
2021-12-20,595.0,595.75,587.0,591.0,106042,0.0,0.0
2021-12-21,591.0,599.0,589.5,598.25,119312,0.0,0.0
2021-12-22,597.5,606.75,597.0,602.5,154966,0.0,0.0
2021-12-23,601.5,607.0,600.5,605.75,108565,0.0,0.0
2021-12-27,608.25,615.5,607.0,614.75,123211,0.0,0.0
2021-12-28,614.25,617.75,603.75,604.75,134208,0.0,0.0
2021-12-29,604.0,610.75,599.5,605.5,117570,0.0,0.0
2021-12-30,605.5,606.0,592.75,596.0,122776,0.0,0.0
2021-12-31,595.75,599.25,592.5,593.25,69868,0.0,0.0
2022-01-03,599.0,603.5,584.75,589.25,146023,0.0,0.0
2022-01-04,591.75,611.25,591.5,609.5,210268,0.0,0.0
2022-01-05,608.5,609.75,601.25,602.25,148499,0.0,0.0
2022-01-06,601.25,605.75,596.0,603.75,151442,0.0,0.0
2022-01-07,605.25,608.25,599.0,606.75,140371,0.0,0.0
2022-01-10,605.25,608.0,596.25,599.75,135265,0.0,0.0
2022-01-11,599.75,604.75,598.0,601.0,128305,0.0,0.0
2022-01-12,601.0,604.0,591.0,599.0,181633,0.0,0.0
2022-01-13,599.0,599.75,585.25,587.5,186546,0.0,0.0
2022-01-14,587.5,598.25,585.25,596.25,140634,0.0,0.0
2022-01-18,592.75,600.75,588.25,599.5,141742,0.0,0.0
2022-01-19,600.0,614.5,600.0,610.5,179943,0.0,0.0
2022-01-20,609.0,614.25,606.25,611.0,127683,0.0,0.0
2022-01-21,607.5,618.5,604.25,616.25,187471,0.0,0.0
2022-01-24,617.5,621.5,609.25,621.0,194809,0.0,0.0
2022-01-25,620.0,631.0,618.5,620.0,298396,0.0,0.0
2022-01-26,619.0,627.75,615.0,627.0,172723,0.0,0.0
2022-01-27,625.0,627.75,621.25,625.25,151696,0.0,0.0
2022-01-28,623.25,637.25,623.0,636.0,188658,0.0,0.0
2022-01-31,635.75,642.5,622.5,626.0,243891,0.0,0.0
2022-02-01,626.0,639.5,624.5,634.75,196298,0.0,0.0
2022-02-02,634.5,640.75,616.75,622.5,275662,0.0,0.0
2022-02-03,622.5,624.25,610.25,616.75,215871,0.0,0.0
2022-02-04,618.5,623.25,613.25,620.5,181430,0.0,0.0
2022-02-07,628.75,636.75,624.75,635.25,232607,0.0,0.0
2022-02-08,636.5,636.75,627.25,632.25,200583,0.0,0.0
2022-02-09,632.25,647.75,630.5,646.75,320406,0.0,0.0
2022-02-10,646.0,662.75,638.75,641.75,372991,0.0,0.0
2022-02-11,641.0,657.75,637.75,651.0,243969,0.0,0.0
2022-02-14,651.25,656.75,642.5,655.75,144923,0.0,0.0
2022-02-15,655.0,655.5,635.5,638.0,177958,0.0,0.0
2022-02-16,637.75,647.75,636.25,647.0,126554,0.0,0.0
2022-02-17,645.5,652.0,642.75,650.0,121279,0.0,0.0
2022-02-18,648.5,658.0,647.0,654.25,154047,0.0,0.0
2022-02-22,657.75,676.75,657.75,674.75,168824,0.0,0.0
2022-02-23,674.0,685.0,669.25,683.75,154730,0.0,0.0
2022-02-24,683.5,718.75,682.0,695.0,161611,0.0,0.0
2022-02-25,696.75,707.0,657.0,659.5,94802,0.0,0.0
2022-02-28,688.0,704.75,679.0,697.5,15651,0.0,0.0
2022-03-01,699.75,744.25,699.75,739.75,7258,0.0,0.0
2022-03-02,741.75,760.0,723.0,739.0,3350,0.0,0.0
2022-03-03,745.0,778.5,745.0,751.25,3447,0.0,0.0
2022-03-04,761.75,800.0,741.0,756.5,2186,0.0,0.0
2022-03-07,782.75,782.75,742.75,749.25,1309,0.0,0.0
2022-03-08,747.5,759.0,724.0,754.5,547,0.0,0.0
2022-03-09,756.25,757.25,734.0,735.0,188,0.0,0.0
2022-03-10,738.5,768.0,738.5,757.75,74,0.0,0.0
2022-03-11,758.0,768.5,755.0,764.5,233,0.0,0.0
2022-03-14,745.0,752.0,725.5,728.25,104100,0.0,0.0
2022-03-15,745.25,759.0,736.0,758.0,89348,0.0,0.0
2022-03-16,756.75,757.0,726.75,730.0,106537,0.0,0.0
2022-03-17,730.0,757.5,728.5,754.5,90267,0.0,0.0
2022-03-18,753.75,755.0,736.5,741.75,84411,0.0,0.0
2022-03-21,746.5,765.0,743.0,756.25,93775,0.0,0.0
2022-03-22,756.75,761.0,744.0,753.0,104191,0.0,0.0
2022-03-23,752.25,770.5,749.0,757.75,112399,0.0,0.0
2022-03-24,757.0,762.5,745.0,748.25,100951,0.0,0.0
2022-03-25,748.5,755.25,742.5,754.0,73846,0.0,0.0
2022-03-28,749.0,750.25,740.5,748.5,89177,0.0,0.0
2022-03-29,746.25,747.5,713.5,726.25,180171,0.0,0.0
2022-03-30,727.0,748.75,726.75,738.0,109719,0.0,0.0
2022-03-31,739.25,770.0,732.5,748.75,173737,0.0,0.0
2022-04-01,748.5,751.5,730.25,735.0,155927,0.0,0.0
2022-04-04,737.0,752.25,734.75,750.5,112649,0.0,0.0
2022-04-05,750.75,768.0,749.25,759.75,123890,0.0,0.0
2022-04-06,759.75,761.5,750.25,756.5,110915,0.0,0.0
2022-04-07,755.75,759.25,748.5,757.75,149456,0.0,0.0
2022-04-08,757.0,773.0,752.75,768.75,170872,0.0,0.0
2022-04-11,767.0,778.0,762.0,764.5,170234,0.0,0.0
2022-04-12,765.5,779.0,765.0,776.25,154266,0.0,0.0
2022-04-13,775.0,786.25,767.25,783.5,182922,0.0,0.0
2022-04-14,783.5,793.0,781.0,790.25,108878,0.0,0.0
2022-04-18,791.0,816.75,790.25,813.25,114979,0.0,0.0
2022-04-19,813.25,819.75,799.75,804.0,133531,0.0,0.0
2022-04-20,803.5,816.5,796.75,815.75,128911,0.0,0.0
2022-04-21,814.0,814.25,797.5,799.25,111004,0.0,0.0
2022-04-22,798.75,807.5,783.5,793.0,140795,0.0,0.0
2022-04-25,796.75,802.0,784.75,800.25,114116,0.0,0.0
2022-04-26,800.25,812.25,795.0,803.25,85308,0.0,0.0
2022-04-27,802.75,820.25,797.5,815.5,70673,0.0,0.0
2022-04-28,816.25,823.5,811.0,816.0,47633,0.0,0.0
2022-04-29,816.25,827.0,814.0,818.25,11143,0.0,0.0
2022-05-02,811.5,814.0,798.0,813.0,2848,0.0,0.0
2022-05-03,817.5,822.0,799.75,800.75,2214,0.0,0.0
2022-05-04,801.0,808.75,796.0,798.5,1267,0.0,0.0
2022-05-05,799.75,804.75,796.0,803.75,410,0.0,0.0
2022-05-06,800.0,800.0,784.25,792.25,1248,0.0,0.0
2022-05-09,792.25,792.25,782.0,784.5,745,0.0,0.0
2022-05-10,787.5,790.75,782.5,786.5,597,0.0,0.0
2022-05-11,788.0,802.75,788.0,802.25,653,0.0,0.0
2022-05-12,802.5,814.0,798.75,813.5,911,0.0,0.0
2022-05-13,808.0,808.0,794.5,794.5,113807,0.0,0.0
2022-05-16,795.0,810.25,792.75,809.5,138859,0.0,0.0
2022-05-17,808.0,809.25,797.25,800.75,98317,0.0,0.0
2022-05-18,800.75,802.25,778.0,781.5,120123,0.0,0.0
2022-05-19,782.0,789.75,773.25,783.25,106424,0.0,0.0
2022-05-20,781.25,782.0,774.5,778.75,88004,0.0,0.0
2022-05-23,780.25,788.0,774.5,786.25,88355,0.0,0.0
2022-05-24,785.0,787.0,762.0,771.75,147022,0.0,0.0
2022-05-25,770.0,773.0,755.0,772.25,127425,0.0,0.0
2022-05-26,762.75,772.5,757.5,765.0,104920,0.0,0.0
2022-05-27,765.0,780.5,761.0,777.25,101090,0.0,0.0
2022-05-31,777.0,777.25,747.25,753.5,175461,0.0,0.0
2022-06-01,753.75,756.25,720.5,731.25,210389,0.0,0.0
2022-06-02,731.25,739.25,726.25,730.25,127143,0.0,0.0
2022-06-03,730.25,736.0,725.75,727.0,105542,0.0,0.0
2022-06-06,732.25,744.25,731.5,742.5,131922,0.0,0.0
2022-06-07,739.0,765.0,735.0,757.0,227575,0.0,0.0
2022-06-08,757.0,774.0,756.0,764.5,223848,0.0,0.0
2022-06-09,764.5,782.75,758.0,773.0,226325,0.0,0.0
2022-06-10,772.25,781.0,765.75,773.25,156100,0.0,0.0
2022-06-13,781.0,782.25,758.5,769.25,170044,0.0,0.0
2022-06-14,765.75,771.0,759.0,768.25,125798,0.0,0.0
2022-06-15,767.0,779.75,762.0,774.0,105906,0.0,0.0
2022-06-16,774.0,792.0,773.0,788.25,121542,0.0,0.0
2022-06-17,787.5,800.0,782.25,784.5,116061,0.0,0.0
2022-06-21,777.5,778.25,752.25,760.75,192144,0.0,0.0
2022-06-22,762.0,770.5,754.5,768.0,167778,0.0,0.0
2022-06-23,767.25,767.25,734.5,746.75,215839,0.0,0.0
2022-06-24,745.0,762.25,735.0,750.25,155989,0.0,0.0
2022-06-27,740.0,746.25,731.0,744.25,121830,0.0,0.0
2022-06-28,747.5,762.75,744.25,759.5,86035,0.0,0.0
2022-06-29,758.25,780.0,755.5,770.25,63702,0.0,0.0
2022-06-30,770.0,775.25,742.25,743.75,14477,0.0,0.0
2022-07-01,748.0,760.0,743.75,754.5,5489,0.0,0.0
2022-07-05,750.25,765.0,726.0,736.0,3775,0.0,0.0
2022-07-06,746.0,761.0,726.0,744.25,2703,0.0,0.0
2022-07-07,749.5,763.5,740.0,747.0,784,0.0,0.0
2022-07-08,750.75,781.0,744.0,778.25,1438,0.0,0.0
2022-07-11,783.25,800.0,780.75,781.25,1344,0.0,0.0
2022-07-12,781.0,785.25,732.0,732.75,1320,0.0,0.0
2022-07-13,726.0,756.5,725.0,740.0,485,0.0,0.0
2022-07-14,738.25,746.5,694.0,695.0,102346,0.0,0.0
2022-07-15,606.75,612.0,596.0,604.25,81572,0.0,0.0
2022-07-18,610.75,623.5,601.5,612.25,75978,0.0,0.0
2022-07-19,610.5,611.0,585.75,596.75,94156,0.0,0.0
2022-07-20,595.5,600.5,589.0,592.25,76176,0.0,0.0
2022-07-21,592.75,593.5,572.75,575.75,76755,0.0,0.0
2022-07-22,575.0,582.75,561.5,564.25,95957,0.0,0.0
2022-07-25,574.25,580.75,566.25,580.0,103447,0.0,0.0
2022-07-26,587.75,599.75,586.25,597.0,95701,0.0,0.0
2022-07-27,597.0,604.25,591.75,600.25,80955,0.0,0.0
2022-07-28,603.75,618.0,601.25,615.0,72681,0.0,0.0
2022-07-29,615.0,632.0,611.5,616.25,99164,0.0,0.0
2022-08-01,619.75,621.5,594.25,607.0,91871,0.0,0.0
2022-08-02,604.0,605.25,589.25,591.25,107008,0.0,0.0
2022-08-03,587.0,597.0,583.0,591.5,101905,0.0,0.0
2022-08-04,591.5,607.0,585.75,602.25,83780,0.0,0.0
2022-08-05,602.0,614.0,597.0,610.25,125020,0.0,0.0
2022-08-08,603.0,616.0,601.75,608.5,155070,0.0,0.0
2022-08-09,614.5,626.0,613.5,615.5,142242,0.0,0.0
2022-08-10,615.0,632.5,613.0,621.25,134330,0.0,0.0
2022-08-11,621.0,630.75,618.75,629.25,112043,0.0,0.0
2022-08-12,629.25,640.5,616.0,639.75,98631,0.0,0.0
2022-08-15,630.5,635.25,616.5,626.75,56712,0.0,0.0
2022-08-16,624.0,628.25,608.0,611.0,67190,0.0,0.0
2022-08-17,611.0,618.5,608.0,615.0,49240,0.0,0.0
2022-08-18,615.0,624.0,608.25,619.75,52153,0.0,0.0
2022-08-19,619.0,627.75,616.0,626.0,51219,0.0,0.0
2022-08-22,622.75,635.25,618.0,633.5,67378,0.0,0.0
2022-08-23,637.0,666.75,635.75,660.0,95345,0.0,0.0
2022-08-24,659.75,675.5,655.75,665.75,76015,0.0,0.0
2022-08-25,665.0,674.25,656.75,657.5,78316,0.0,0.0
2022-08-26,657.0,671.0,654.75,668.75,75544,0.0,0.0
2022-08-29,675.0,684.25,668.5,683.75,86635,0.0,0.0
2022-08-30,681.25,682.75,671.25,679.75,48457,0.0,0.0
2022-08-31,680.75,683.0,664.25,673.75,7831,0.0,0.0
2022-09-01,671.0,673.75,655.0,658.25,9013,0.0,0.0
2022-09-02,657.0,671.0,656.75,669.0,2137,0.0,0.0
2022-09-06,670.75,682.0,667.5,680.75,1289,0.0,0.0
2022-09-07,678.5,690.0,675.25,676.75,1269,0.0,0.0
2022-09-08,676.75,679.5,666.5,674.5,1219,0.0,0.0
2022-09-09,678.75,700.5,678.75,698.5,1439,0.0,0.0
2022-09-12,690.25,721.5,689.0,712.25,1332,0.0,0.0
2022-09-13,721.25,725.0,709.0,709.0,607,0.0,0.0
2022-09-14,709.0,709.0,709.0,709.0,117138,0.0,0.0
2022-09-15,681.75,690.0,676.25,677.5,111789,0.0,0.0
2022-09-16,676.25,680.5,667.5,677.25,121327,0.0,0.0
2022-09-19,675.75,680.0,668.25,678.25,96685,0.0,0.0
2022-09-20,677.75,693.5,677.5,692.0,123234,0.0,0.0
2022-09-21,692.0,698.5,679.25,685.5,127215,0.0,0.0
2022-09-22,683.5,691.0,681.5,688.25,97065,0.0,0.0
2022-09-23,687.0,688.0,669.5,676.75,154393,0.0,0.0
2022-09-26,673.25,679.0,665.5,666.25,140725,0.0,0.0
2022-09-27,666.25,678.0,666.25,667.5,163167,0.0,0.0
2022-09-28,668.25,673.25,661.5,670.5,137430,0.0,0.0
2022-09-29,670.5,676.75,666.0,669.5,139450,0.0,0.0
2022-09-30,669.5,696.25,669.25,677.5,253847,0.0,0.0
2022-10-03,680.0,687.5,672.5,680.75,132393,0.0,0.0
2022-10-04,680.75,691.5,676.5,683.0,119212,0.0,0.0
2022-10-05,683.0,687.5,675.75,684.0,114315,0.0,0.0
2022-10-06,683.75,685.75,672.0,675.5,128778,0.0,0.0
2022-10-07,675.5,684.5,671.5,683.25,113581,0.0,0.0
2022-10-10,683.75,706.5,683.5,698.25,201817,0.0,0.0
2022-10-11,697.0,702.0,690.75,693.0,140432,0.0,0.0
2022-10-12,693.25,700.0,680.0,693.0,180209,0.0,0.0
2022-10-13,692.25,699.5,684.0,697.75,167244,0.0,0.0
2022-10-14,697.0,699.5,688.5,689.75,108816,0.0,0.0
2022-10-17,689.0,692.25,681.25,683.5,106164,0.0,0.0
2022-10-18,683.0,683.75,674.5,681.0,147455,0.0,0.0
2022-10-19,681.0,684.5,674.0,678.25,112233,0.0,0.0
2022-10-20,678.0,687.0,676.75,684.0,134819,0.0,0.0
2022-10-21,683.5,688.0,677.75,684.25,109021,0.0,0.0
2022-10-24,682.25,686.5,677.25,681.5,119463,0.0,0.0
2022-10-25,681.5,687.5,677.75,686.25,116661,0.0,0.0
2022-10-26,684.25,689.75,683.25,685.0,106226,0.0,0.0
2022-10-27,685.0,689.25,679.25,682.25,112300,0.0,0.0
2022-10-28,681.25,683.75,676.25,680.75,115074,0.0,0.0
2022-10-31,696.5,700.0,684.25,691.5,226696,0.0,0.0
2022-11-01,689.0,698.5,687.25,697.75,146466,0.0,0.0
2022-11-02,696.5,697.25,680.0,687.5,168334,0.0,0.0
2022-11-03,686.0,686.5,678.5,679.25,123352,0.0,0.0
2022-11-04,679.25,685.25,678.5,681.0,112564,0.0,0.0
2022-11-07,679.0,680.75,675.25,675.75,162563,0.0,0.0
2022-11-08,675.75,677.0,666.25,667.5,227158,0.0,0.0
2022-11-09,667.0,671.75,658.0,664.5,246968,0.0,0.0
2022-11-10,664.5,667.25,652.75,653.25,229081,0.0,0.0
2022-11-11,653.75,661.0,653.5,658.0,233358,0.0,0.0
2022-11-14,657.0,662.0,652.25,657.25,181567,0.0,0.0
2022-11-15,657.0,675.0,651.25,666.75,234097,0.0,0.0
2022-11-16,665.25,666.0,657.5,665.25,121435,0.0,0.0
2022-11-17,665.0,668.25,654.75,667.5,138561,0.0,0.0
2022-11-18,667.5,672.75,665.25,667.75,131275,0.0,0.0
2022-11-21,666.5,666.75,657.25,659.5,143717,0.0,0.0
2022-11-22,659.5,663.0,656.25,656.75,107549,0.0,0.0
2022-11-23,657.75,663.75,655.75,663.25,104569,0.0,0.0
2022-11-25,661.25,669.75,661.0,668.0,71244,0.0,0.0
2022-11-28,665.0,670.0,661.0,668.75,149233,0.0,0.0
2022-11-29,667.5,671.25,665.25,665.75,110381,0.0,0.0
2022-11-30,665.75,667.0,660.0,662.0,18198,0.0,0.0
2022-12-01,661.75,663.75,647.0,650.0,8565,0.0,0.0
2022-12-02,650.25,650.25,629.0,635.0,5678,0.0,0.0
2022-12-05,635.5,638.25,625.5,628.75,762,0.0,0.0
2022-12-06,630.75,635.5,623.0,625.5,512,0.0,0.0
2022-12-07,626.5,632.5,624.0,627.75,662,0.0,0.0
2022-12-08,628.0,632.5,626.0,632.0,425,0.0,0.0
2022-12-09,631.5,639.75,631.5,634.75,453,0.0,0.0
2022-12-12,634.5,644.5,634.5,641.25,263,0.0,0.0
2022-12-13,642.5,650.5,639.25,643.75,184,0.0,0.0
2022-12-14,644.25,644.25,639.0,639.0,92295,0.0,0.0
2022-12-15,650.25,654.25,647.75,653.5,93735,0.0,0.0
2022-12-16,653.5,655.75,650.0,653.0,66395,0.0,0.0
2022-12-19,650.5,650.75,644.0,647.25,83168,0.0,0.0
2022-12-20,647.75,654.25,646.75,652.0,91464,0.0,0.0
2022-12-21,651.5,663.0,651.0,662.25,125592,0.0,0.0
2022-12-22,662.0,664.75,658.75,660.5,79924,0.0,0.0
2022-12-23,659.5,667.75,659.25,666.25,94496,0.0,0.0
2022-12-27,669.0,675.75,667.25,674.75,123172,0.0,0.0
2022-12-28,673.25,683.5,672.75,682.75,122193,0.0,0.0
2022-12-29,681.75,682.25,677.25,679.5,104937,0.0,0.0
2022-12-30,679.5,685.0,676.5,678.5,90321,0.0,0.0
2023-01-03,677.25,681.25,668.0,670.5,155538,0.0,0.0
2023-01-04,670.75,671.75,652.5,653.75,175762,0.0,0.0
2023-01-05,654.5,657.75,648.5,652.75,138833,0.0,0.0
2023-01-06,653.75,659.5,651.75,654.0,114158,0.0,0.0
2023-01-09,655.5,657.0,650.75,652.75,112236,0.0,0.0
2023-01-10,651.75,664.0,648.25,655.0,181158,0.0,0.0
2023-01-11,654.5,659.0,652.75,656.0,110880,0.0,0.0
2023-01-12,656.0,673.5,649.25,671.0,242526,0.0,0.0
2023-01-13,670.75,676.75,669.75,675.0,158823,0.0,0.0
2023-01-17,671.5,687.0,668.75,685.25,179918,0.0,0.0
2023-01-18,684.25,688.75,678.0,681.25,175374,0.0,0.0
2023-01-19,680.0,685.25,676.0,677.25,149959,0.0,0.0
2023-01-20,675.5,678.0,672.5,676.25,134978,0.0,0.0
2023-01-23,674.0,674.75,661.25,666.25,184766,0.0,0.0
2023-01-24,667.0,677.5,666.25,677.0,184766,0.0,0.0
2023-01-25,676.75,681.0,673.75,674.0,109673,0.0,0.0